CustomerID,Recency,Frequency,Monetary,AvgOrderValue,UniqueProducts,TotalItems,ActiveMonths,TenureDays,PurchaseSpanDays,Country,R,F,M,RFM_Score,RFM_Segment,Churn_90D
12347.0,29,5,2790.86,558.172,82,1590,5,267,238,Iceland,3,4,5,12,High Value,0
12348.0,148,3,1487.24,495.74666666666667,22,2124,3,258,110,Finland,1,2,4,7,Medium Value,0
12352.0,162,5,1561.81,312.36199999999997,26,254,2,196,34,Norway,1,4,4,9,Medium Value,0
12356.0,145,2,2753.08,1376.54,53,1586,2,225,80,Portugal,1,1,5,7,Medium Value,0
12359.0,89,3,3495.73,1165.2433333333333,135,965,3,231,142,Cyprus,2,2,5,9,Medium Value,0
12360.0,12,2,1618.28,809.14,63,674,2,100,88,Austria,5,1,4,10,High Value,0
12362.0,20,4,1747.3500000000001,436.83750000000003,89,988,4,195,175,Belgium,4,3,4,11,High Value,0
12363.0,9,2,552.0,276.0,23,408,2,142,133,Unspecified,5,1,2,8,Medium Value,1
12370.0,174,3,2802.66,934.2199999999999,125,1972,2,260,86,Cyprus,1,2,5,8,Medium Value,0
12372.0,112,2,914.9200000000001,457.46000000000004,32,592,2,196,84,Denmark,1,1,3,5,Lower Value,0
12377.0,215,2,1628.1200000000001,814.0600000000001,72,944,2,254,39,Switzerland,1,1,4,6,Lower Value,1
12383.0,84,5,1850.56,370.11199999999997,84,1532,5,252,168,Belgium,2,4,4,10,High Value,1
12388.0,48,4,1668.3400000000001,417.08500000000004,50,760,4,226,178,Australia,3,3,4,10,High Value,0
12393.0,145,3,1061.1000000000001,353.70000000000005,33,522,2,232,87,Australia,1,2,3,6,Lower Value,0
12395.0,12,8,1899.57,237.44625,65,1629,6,271,259,Belgium,5,5,4,14,Very High Value,0
12399.0,19,4,1108.65,277.1625,47,1178,4,161,142,Belgium,4,3,3,10,High Value,1
12407.0,34,4,1407.36,351.84,50,1237,3,164,130,Belgium,3,3,3,9,Medium Value,0
12408.0,75,3,1491.77,497.25666666666666,58,734,2,160,85,Belgium,2,2,4,8,Medium Value,0
12412.0,37,2,890.74,445.37,34,599,2,69,32,Denmark,3,1,3,7,Medium Value,0
12413.0,136,2,563.9,281.95,25,205,2,237,101,France,1,1,2,4,Lower Value,0
12414.0,117,3,562.4100000000001,187.47000000000003,16,300,3,210,93,Austria,1,2,2,5,Lower Value,1
12415.0,13,13,99146.16,7626.627692307693,377,63865,8,237,224,Australia,5,5,5,15,Very High Value,0
12417.0,6,7,2816.52,402.36,132,1229,6,257,251,Belgium,5,4,5,14,Very High Value,0
12421.0,14,3,628.5600000000001,209.52,25,407,3,219,205,Spain,4,2,2,8,Medium Value,0
12422.0,68,2,655.86,327.93,31,288,2,224,156,Switzerland,2,1,2,5,Lower Value,0
12423.0,0,7,1650.67,235.81,86,1136,7,253,253,Belgium,5,4,4,13,Very High Value,1
12428.0,20,8,7548.12,943.515,252,3386,4,183,163,Finland,4,5,5,14,Very High Value,0
12429.0,72,3,2844.88,948.2933333333334,62,1045,3,265,193,Denmark,2,2,5,9,Medium Value,1
12431.0,19,11,4807.07,437.00636363636363,134,2098,6,273,254,Australia,4,5,5,14,Very High Value,0
12437.0,77,9,2476.73,275.1922222222222,58,1643,6,231,154,France,2,5,4,11,High Value,0
12444.0,21,2,2627.27,1313.635,96,650,2,71,50,Norway,4,1,5,10,High Value,0
12449.0,29,2,1636.88,818.44,71,657,2,87,58,Belgium,3,1,4,8,Medium Value,0
12451.0,118,2,5307.82,2653.91,162,4105,2,224,106,Switzerland,1,1,5,7,Medium Value,0
12455.0,27,5,2176.36,435.27200000000005,67,1766,4,196,169,Cyprus,4,4,4,12,High Value,0
12456.0,31,2,2265.4,1132.7,77,1073,2,154,123,Switzerland,3,1,4,8,Medium Value,0
12463.0,75,3,985.7900000000001,328.5966666666667,51,577,3,141,66,Belgium,2,2,3,7,Medium Value,0
12464.0,6,6,780.55,130.09166666666667,6,81,4,209,203,Belgium,5,4,2,11,High Value,0
12468.0,87,2,729.54,364.77,36,366,2,216,129,Germany,2,1,2,5,Lower Value,1
12471.0,7,19,11081.0,583.2105263157895,108,4340,8,264,257,Germany,5,5,5,15,Very High Value,0
12472.0,38,5,4927.6,985.5200000000001,180,3088,5,269,231,Germany,3,4,5,12,High Value,0
12473.0,14,2,1175.75,587.875,60,853,2,91,77,Germany,4,1,3,8,Medium Value,0
12474.0,37,12,3896.38,324.6983333333333,144,2484,6,229,192,Germany,3,5,5,13,Very High Value,0
12476.0,41,6,3191.67,531.945,91,1132,6,261,220,Germany,3,4,5,12,High Value,0
12477.0,0,3,8834.03,2944.6766666666667,156,2518,3,201,201,Germany,5,2,5,12,High Value,0
12480.0,43,3,2144.95,714.9833333333332,97,1096,3,236,193,Germany,3,2,4,9,Medium Value,0
12481.0,79,8,4085.26,510.6575,112,2351,5,265,186,Germany,2,5,5,12,High Value,0
12483.0,83,5,1314.6100000000001,262.922,31,629,4,239,156,Sweden,2,4,3,9,Medium Value,0
12484.0,0,4,3658.65,914.6625,222,1857,3,236,236,Spain,5,3,5,13,Very High Value,0
12490.0,0,5,2516.77,503.354,74,1360,5,229,229,France,5,4,4,13,Very High Value,0
12493.0,65,2,433.74,216.87,20,207,2,97,32,France,2,1,1,4,Lower Value,1
12494.0,61,5,868.86,173.772,42,364,4,265,204,France,2,4,2,8,Medium Value,0
12500.0,6,6,1773.84,295.64,20,1270,5,233,227,Germany,5,4,4,13,Very High Value,0
12502.0,27,4,2631.52,657.88,81,586,4,209,182,Spain,4,3,5,12,High Value,0
12507.0,34,3,1304.81,434.93666666666667,19,894,2,198,164,Spain,3,2,3,8,Medium Value,1
12510.0,42,2,982.5699999999999,491.28499999999997,29,353,2,225,183,Spain,3,1,3,7,Medium Value,1
12517.0,26,2,1521.45,760.725,173,834,2,90,64,Germany,4,1,4,9,Medium Value,0
12520.0,42,4,2045.85,511.4625,104,1099,3,173,131,Germany,3,3,4,10,High Value,0
12523.0,7,7,1017.75,145.39285714285714,49,560,6,231,224,France,5,4,3,12,High Value,0
12524.0,62,6,3122.48,520.4133333333333,92,2290,5,233,171,Germany,2,4,5,11,High Value,0
12527.0,194,2,284.92,142.46,15,221,2,225,31,Germany,1,1,1,3,Lower Value,0
12528.0,14,4,1287.37,321.8425,46,503,4,212,198,Germany,4,3,3,10,High Value,0
12530.0,23,3,1221.65,407.2166666666667,39,600,3,236,213,Germany,4,2,3,9,Medium Value,0
12539.0,162,3,4517.69,1505.8966666666665,125,1621,2,233,71,Spain,1,2,5,8,Medium Value,0
12540.0,7,10,8786.87,878.6870000000001,197,4190,8,261,254,Spain,5,5,5,15,Very High Value,0
12541.0,73,2,536.14,268.07,27,419,2,180,107,Spain,2,1,1,4,Lower Value,0
12547.0,97,2,207.8,103.9,7,134,2,180,83,Spain,1,1,1,3,Lower Value,1
12553.0,10,7,2419.59,345.6557142857143,81,1351,6,229,219,France,5,4,4,13,Very High Value,0
12557.0,58,4,9000.960000000001,2250.2400000000002,15,3464,4,271,213,Spain,2,3,5,10,High Value,0
12560.0,12,2,1436.31,718.155,77,820,2,43,31,Germany,5,1,3,9,Medium Value,1
12562.0,26,3,1605.23,535.0766666666667,53,776,3,98,72,France,4,2,4,10,High Value,0
12567.0,8,8,6958.16,869.77,236,3024,5,269,261,France,5,5,5,15,Very High Value,0
12569.0,7,12,1883.02,156.91833333333332,45,788,5,152,145,Germany,5,5,4,14,Very High Value,0
12576.0,49,3,660.85,220.28333333333333,42,463,3,204,155,Poland,3,2,2,7,Medium Value,0
12582.0,138,2,511.36,255.68,21,300,2,188,50,Finland,1,1,1,3,Lower Value,1
12583.0,6,9,4232.21,470.24555555555554,84,3463,8,273,267,France,5,5,5,15,Very High Value,0
12584.0,27,4,782.59,195.6475,27,138,4,180,153,Italy,4,3,2,9,Medium Value,0
12585.0,134,2,2040.1,1020.05,77,1279,2,251,117,Germany,1,1,4,6,Lower Value,1
12593.0,8,3,418.1,139.36666666666667,14,206,2,118,110,France,5,2,1,8,Medium Value,1
12594.0,21,8,2529.9,316.2375,46,1440,7,222,201,Italy,4,5,4,13,Very High Value,0
12597.0,83,2,1428.81,714.405,72,675,2,168,85,Spain,2,1,3,6,Lower Value,0
12598.0,61,4,1584.38,396.095,45,971,3,184,123,France,2,3,4,9,Medium Value,0
12599.0,26,6,857.04,142.84,25,749,5,204,178,France,4,4,2,10,High Value,0
12600.0,12,8,1936.56,242.07,26,544,7,271,259,Germany,5,5,4,14,Very High Value,0
12601.0,89,5,577.0600000000001,115.412,21,245,5,232,143,Germany,2,4,2,8,Medium Value,1
12609.0,86,2,800.73,400.365,42,518,2,218,132,Germany,2,1,2,5,Lower Value,0
12613.0,97,4,1462.52,365.63,65,759,2,162,65,Germany,1,3,3,7,Medium Value,0
12619.0,16,5,2087.46,417.492,28,1756,4,153,137,Germany,4,4,4,12,High Value,0
12621.0,0,15,10195.04,679.6693333333334,208,5439,8,265,265,Germany,5,5,5,15,Very High Value,0
12624.0,6,2,641.13,320.565,36,355,2,77,71,France,5,1,2,8,Medium Value,1
12625.0,111,2,2683.82,1341.91,73,1612,2,219,108,Germany,1,1,5,7,Medium Value,1
12626.0,12,6,4774.0,795.6666666666666,170,2337,4,226,214,Germany,5,4,5,14,Very High Value,0
12627.0,8,4,1908.57,477.1425,92,1016,2,40,32,Germany,5,3,4,12,High Value,0
12633.0,29,3,1948.75,649.5833333333334,66,1068,3,187,158,Germany,3,2,4,9,Medium Value,0
12637.0,57,5,3049.5,609.9,138,1404,4,223,166,France,2,4,5,11,High Value,0
12643.0,28,6,3344.64,557.4399999999999,11,1808,4,232,204,France,4,4,5,13,Very High Value,1
12645.0,9,3,1310.8600000000001,436.9533333333334,52,825,3,216,207,Germany,5,2,3,10,High Value,0
12647.0,26,9,2886.71,320.74555555555554,63,1039,6,269,243,Germany,4,5,5,14,Very High Value,0
12649.0,7,3,623.51,207.83666666666667,28,586,2,112,105,Germany,5,2,2,9,Medium Value,1
12653.0,48,2,2209.85,1104.925,37,919,2,196,148,Israel,3,1,4,8,Medium Value,1
12654.0,97,3,337.75,112.58333333333333,19,151,2,195,98,Germany,1,2,1,4,Lower Value,0
12656.0,16,3,2820.67,940.2233333333334,51,1280,3,133,117,France,4,2,5,11,High Value,0
12662.0,7,7,2653.66,379.0942857142857,96,1400,7,273,266,Germany,5,4,5,14,Very High Value,0
12664.0,43,3,1957.48,652.4933333333333,10,505,3,222,179,Finland,3,2,4,9,Medium Value,0
12668.0,159,3,2924.4700000000003,974.8233333333334,104,1334,3,255,96,Germany,1,2,5,8,Medium Value,0
12669.0,50,3,2744.0299999999997,914.6766666666666,98,1115,3,156,106,France,3,2,5,10,High Value,1
12670.0,99,2,1026.39,513.195,28,488,2,132,33,France,1,1,3,5,Lower Value,0
12674.0,70,2,976.8,488.4,30,494,2,107,37,France,2,1,3,6,Lower Value,0
12676.0,23,4,998.05,249.5125,21,494,4,211,188,Sweden,4,3,3,10,High Value,0
12678.0,0,9,8282.26,920.2511111111112,78,5195,7,253,253,France,5,5,5,15,Very High Value,0
12679.0,105,2,906.38,453.19,43,407,2,183,78,France,1,1,3,5,Lower Value,0
12681.0,51,15,9866.58,657.772,219,5419,7,267,216,France,3,5,5,13,Very High Value,0
12682.0,0,20,8219.92,410.996,149,3531,9,271,271,France,5,5,5,15,Very High Value,0
12683.0,5,11,6217.88,565.2618181818182,151,3769,6,265,260,France,5,5,5,15,Very High Value,0
12684.0,70,4,1379.48,344.87,37,1274,2,113,43,France,2,3,3,8,Medium Value,0
12691.0,45,4,556.3,139.075,16,198,3,257,212,France,3,3,2,8,Medium Value,0
12693.0,27,4,855.91,213.9775,35,255,4,219,192,Germany,4,3,2,9,Medium Value,1
12695.0,7,2,333.9,166.95,17,172,2,110,103,France,5,1,1,7,Medium Value,0
12697.0,31,2,733.91,366.955,27,359,2,69,38,Sweden,3,1,2,6,Lower Value,0
12700.0,56,2,2149.05,1074.525,110,1376,2,115,59,France,2,1,4,7,Medium Value,0
12704.0,5,3,1100.92,366.97333333333336,40,465,2,69,64,Finland,5,2,3,10,High Value,0
12705.0,58,4,4162.52,1040.63,177,2599,4,257,199,Germany,2,3,5,10,High Value,0
12708.0,1,7,2031.77,290.2528571428571,71,989,7,268,267,Germany,5,4,4,13,Very High Value,0
12709.0,35,10,6439.11,643.911,75,2565,7,266,231,Germany,3,5,5,13,Very High Value,0
12710.0,61,2,790.36,395.18,47,447,2,101,40,Germany,2,1,2,5,Lower Value,0
12712.0,6,11,3913.08,355.73454545454547,54,943,8,271,265,Germany,5,5,5,15,Very High Value,0
12714.0,6,4,3389.7,847.425,167,2258,4,194,188,France,5,3,5,13,Very High Value,1
12717.0,51,2,1030.98,515.49,49,506,2,145,94,Greece,3,1,3,7,Medium Value,1
12720.0,24,15,3314.5,220.96666666666667,159,2747,9,269,245,Germany,4,5,5,14,Very High Value,0
12721.0,83,4,1698.91,424.7275,88,1133,4,254,171,France,2,3,4,9,Medium Value,0
12722.0,14,3,929.65,309.8833333333333,48,559,2,50,36,France,4,2,3,9,Medium Value,0
12724.0,73,2,280.36,140.18,15,178,2,232,159,France,2,1,1,4,Lower Value,0
12726.0,84,5,1467.32,293.464,40,1942,5,257,173,France,2,4,3,9,Medium Value,0
12727.0,87,5,2800.4,560.08,90,1608,4,220,133,France,2,4,5,11,High Value,0
12728.0,157,3,617.31,205.76999999999998,29,256,3,232,75,France,1,2,2,5,Lower Value,0
12731.0,44,8,11324.25,1415.53125,84,5439,7,264,220,France,3,5,5,13,Very High Value,0
12744.0,44,5,14211.970000000001,2842.3940000000002,163,4640,3,218,174,Singapore,3,4,5,12,High Value,0
12747.0,9,8,2769.4,346.175,34,862,6,269,260,United Kingdom,5,5,5,15,Very High Value,0
12748.0,1,127,13339.05,105.03188976377952,1139,8521,9,273,272,United Kingdom,5,5,5,15,Very High Value,0
12749.0,30,3,2755.23,918.41,113,1080,2,113,83,United Kingdom,3,2,5,10,High Value,0
12753.0,35,5,16620.91,3324.182,114,9211,5,262,227,Japan,3,4,5,12,High Value,0
12754.0,135,3,3010.74,1003.5799999999999,49,6481,3,208,73,Japan,1,2,5,8,Medium Value,1
12755.0,180,2,3811.9500000000003,1905.9750000000001,4,1491,2,265,85,Japan,1,1,5,7,Medium Value,1
12757.0,42,7,5281.08,754.4399999999999,89,918,3,111,69,Portugal,3,4,5,12,High Value,0
12758.0,16,2,2791.59,1395.795,84,2135,2,176,160,Portugal,4,1,5,10,High Value,1
12759.0,71,2,1082.52,541.26,60,630,2,175,104,Netherlands,2,1,3,6,Lower Value,0
12763.0,38,2,494.08,247.04,16,316,2,269,231,Japan,3,1,1,5,Lower Value,1
12766.0,49,5,4952.1900000000005,990.4380000000001,161,2495,5,266,217,Portugal,3,4,5,12,High Value,0
12775.0,89,4,1164.68,291.17,36,740,4,211,122,Netherlands,2,3,3,8,Medium Value,0
12778.0,83,4,492.06,123.015,25,458,3,212,129,Netherlands,2,3,1,6,Lower Value,0
12779.0,89,7,2999.41,428.4871428571428,68,1385,7,271,182,Poland,2,4,5,11,High Value,0
12782.0,49,4,2078.67,519.6675,73,958,4,257,208,Portugal,3,3,4,10,High Value,1
12793.0,234,2,545.48,272.74,21,295,2,271,37,Portugal,1,1,2,4,Lower Value,1
12808.0,84,2,281.35,140.675,16,108,2,268,184,Portugal,2,1,1,4,Lower Value,0
12815.0,47,2,1063.46,531.73,38,379,2,98,51,Poland,3,1,3,7,Medium Value,1
12823.0,27,4,1224.0,306.0,1,160,3,196,169,United Kingdom,4,3,3,10,High Value,0
12826.0,78,4,818.62,204.655,50,721,3,265,187,United Kingdom,2,3,2,7,Medium Value,0
12830.0,34,4,5204.0,1301.0,13,6344,2,71,37,United Kingdom,3,3,5,11,High Value,0
12836.0,37,3,2112.53,704.1766666666667,110,858,3,211,174,United Kingdom,3,2,4,9,Medium Value,0
12839.0,13,8,2683.81,335.47625,66,1785,6,267,254,United Kingdom,5,5,5,15,Very High Value,0
12840.0,43,4,2726.77,681.6925,67,1511,4,126,83,United Kingdom,3,3,5,11,High Value,1
12841.0,6,17,2829.91,166.46529411764706,167,1805,9,271,265,United Kingdom,5,5,5,15,Very High Value,0
12843.0,59,7,1692.31,241.75857142857143,68,780,4,164,105,United Kingdom,2,4,4,10,High Value,0
12853.0,34,6,1957.1000000000001,326.18333333333334,66,800,3,215,181,United Kingdom,3,4,4,11,High Value,1
12854.0,141,2,810.37,405.185,71,422,2,218,77,United Kingdom,1,1,2,4,Lower Value,0
12857.0,110,2,1106.4,553.2,37,343,2,202,92,United Kingdom,1,1,3,5,Lower Value,1
12867.0,65,5,2343.3,468.66,186,2594,5,260,195,United Kingdom,2,4,4,10,High Value,0
12868.0,85,6,1607.0600000000002,267.84333333333336,72,928,5,273,188,United Kingdom,2,4,4,10,High Value,1
12872.0,226,2,599.97,299.985,58,319,2,265,39,United Kingdom,1,1,2,4,Lower Value,1
12875.0,43,2,343.2300000000001,171.61500000000004,1,2019,2,262,219,United Kingdom,3,1,1,5,Lower Value,1
12877.0,24,9,1059.23,117.69222222222223,41,705,8,258,234,United Kingdom,4,5,3,12,High Value,0
12888.0,114,2,354.12,177.06,4,76,2,155,41,United Kingdom,1,1,1,3,Lower Value,1
12891.0,85,3,331.0,110.33333333333333,2,950,3,192,107,United Kingdom,2,2,1,5,Lower Value,1
12897.0,104,2,216.5,108.25,3,110,2,201,97,United Kingdom,1,1,1,3,Lower Value,1
12901.0,8,19,11639.470000000001,612.6036842105264,29,12420,6,170,162,United Kingdom,5,5,5,15,Very High Value,0
12908.0,76,2,750.0,375.0,1,1200,2,212,136,United Kingdom,2,1,2,5,Lower Value,1
12909.0,101,3,1528.37,509.45666666666665,55,786,2,153,52,United Kingdom,1,2,4,7,Medium Value,0
12910.0,34,4,1486.9,371.725,26,830,3,141,107,United Kingdom,3,3,3,9,Medium Value,0
12913.0,182,3,866.39,288.7966666666667,12,345,3,268,86,United Kingdom,1,2,2,5,Lower Value,0
12915.0,48,2,363.65,181.825,19,93,2,272,224,United Kingdom,3,1,1,5,Lower Value,1
12916.0,38,4,2944.95,736.2375,53,1083,4,220,182,United Kingdom,3,3,5,11,High Value,1
12919.0,16,3,441.65,147.21666666666667,12,203,3,69,53,United Kingdom,4,2,1,7,Medium Value,0
12921.0,30,22,8924.55,405.6613636363636,168,5441,8,273,243,United Kingdom,3,5,5,13,Very High Value,0
12924.0,98,3,655.27,218.42333333333332,10,285,3,227,129,United Kingdom,1,2,2,5,Lower Value,0
12928.0,47,3,1136.14,378.71333333333337,42,690,3,259,212,United Kingdom,3,2,3,8,Medium Value,0
12931.0,1,11,32530.7,2957.336363636364,27,21384,6,257,256,United Kingdom,5,5,5,15,Very High Value,0
12933.0,71,2,357.49,178.745,48,378,2,183,112,United Kingdom,2,1,1,4,Lower Value,0
12935.0,9,4,1535.34,383.835,58,1268,4,219,210,United Kingdom,5,3,4,12,High Value,0
12937.0,97,2,428.23,214.115,27,268,2,167,70,United Kingdom,1,1,1,3,Lower Value,0
12939.0,38,4,7990.08,1997.52,20,3208,4,234,196,United Kingdom,3,3,5,11,High Value,0
12942.0,31,3,675.6,225.20000000000002,68,198,3,265,234,United Kingdom,3,2,2,7,Medium Value,1
12947.0,43,6,1603.99,267.33166666666665,83,1165,5,273,230,United Kingdom,3,4,4,11,High Value,1
12948.0,5,4,1423.96,355.99,64,799,3,164,159,United Kingdom,5,3,3,11,High Value,0
12949.0,14,7,3449.42,492.7742857142857,144,2048,3,152,138,United Kingdom,4,4,5,13,Very High Value,0
12951.0,73,5,751.78,150.356,39,331,4,230,157,United Kingdom,2,4,2,8,Medium Value,1
12955.0,43,5,1346.92,269.384,42,1102,4,167,124,United Kingdom,3,4,3,10,High Value,0
12957.0,86,4,1715.29,428.8225,97,1248,4,239,153,United Kingdom,2,3,4,9,Medium Value,0
12971.0,7,61,7854.76,128.7665573770492,80,5668,9,272,265,United Kingdom,5,5,5,15,Very High Value,0
12980.0,57,9,7374.900000000001,819.4333333333334,6,886,7,258,201,United Kingdom,2,5,5,12,High Value,1
12989.0,57,8,4469.14,558.6425,14,2046,7,264,207,United Kingdom,2,5,5,12,High Value,0
12990.0,85,2,263.9,131.95,5,130,2,210,125,United Kingdom,2,1,1,4,Lower Value,0
12993.0,20,3,372.4,124.13333333333333,23,204,3,198,178,United Kingdom,4,2,1,7,Medium Value,0
12994.0,20,2,645.47,322.735,38,303,2,168,148,United Kingdom,4,1,2,7,Medium Value,1
12997.0,136,2,608.47,304.235,30,300,2,217,81,United Kingdom,1,1,2,4,Lower Value,0
12999.0,96,3,455.88,151.96,25,342,2,145,49,United Kingdom,1,2,1,4,Lower Value,1
13000.0,6,3,534.85,178.28333333333333,30,379,3,264,258,United Kingdom,5,2,1,8,Medium Value,1
13001.0,58,11,8582.57,780.2336363636364,154,4864,7,226,168,United Kingdom,2,5,5,12,High Value,0
13003.0,5,3,149.05,49.68333333333334,4,103,3,114,109,United Kingdom,5,2,1,8,Medium Value,1
13004.0,14,12,3785.09,315.4241666666667,193,3275,8,257,243,United Kingdom,4,5,5,14,Very High Value,0
13005.0,73,2,513.7,256.85,21,172,2,146,73,United Kingdom,2,1,1,4,Lower Value,1
13012.0,48,4,1012.3100000000001,253.07750000000001,42,511,3,194,146,United Kingdom,3,3,3,9,Medium Value,0
13013.0,7,8,3382.79,422.84875,130,1672,5,271,264,United Kingdom,5,5,5,15,Very High Value,0
13014.0,13,5,2022.48,404.496,53,616,4,181,168,United Kingdom,5,4,4,13,Very High Value,0
13015.0,97,4,1763.04,440.76,80,705,2,149,52,United Kingdom,1,3,4,8,Medium Value,0
13018.0,22,17,4788.85,281.69705882352946,227,3576,7,195,173,United Kingdom,4,5,5,14,Very High Value,0
13021.0,66,4,1152.47,288.1175,48,527,4,258,192,United Kingdom,2,3,3,8,Medium Value,0
13026.0,120,2,243.72000000000003,121.86000000000001,5,348,2,175,55,United Kingdom,1,1,1,3,Lower Value,0
13027.0,13,6,6912.0,1152.0,6,17280,5,254,241,United Kingdom,5,4,5,14,Very High Value,1
13029.0,38,2,773.1999999999999,386.59999999999997,6,92,2,253,215,United Kingdom,3,1,2,6,Lower Value,0
13037.0,38,3,881.07,293.69,44,431,3,156,118,United Kingdom,3,2,3,8,Medium Value,1
13038.0,83,2,591.76,295.88,22,280,2,190,107,United Kingdom,2,1,2,5,Lower Value,0
13047.0,27,8,2682.01,335.25125,84,1164,6,273,246,United Kingdom,4,5,5,14,Very High Value,0
13048.0,13,3,1358.55,452.84999999999997,69,947,3,227,214,United Kingdom,5,2,3,10,High Value,0
13050.0,6,13,4509.74,346.9030769230769,211,2707,8,266,260,United Kingdom,5,5,5,15,Very High Value,0
13064.0,52,2,659.25,329.625,31,284,2,227,175,United Kingdom,3,1,2,6,Lower Value,0
13069.0,19,19,3393.2599999999998,178.59263157894736,228,3467,9,269,250,United Kingdom,4,5,5,14,Very High Value,0
13077.0,190,3,576.19,192.06333333333336,61,606,2,266,76,United Kingdom,1,2,2,5,Lower Value,1
13078.0,6,15,6917.150000000001,461.1433333333334,81,2500,9,266,260,United Kingdom,5,5,5,15,Very High Value,0
13081.0,43,8,18870.12,2358.765,424,12665,6,271,228,United Kingdom,3,5,5,13,Very High Value,0
13082.0,26,9,3613.63,401.51444444444445,63,4324,6,238,212,United Kingdom,4,5,5,14,Very High Value,1
13085.0,57,2,416.08,208.04,17,216,2,195,138,United Kingdom,2,1,1,4,Lower Value,1
13089.0,0,69,38946.9,564.4478260869565,512,21568,9,269,269,United Kingdom,5,5,5,15,Very High Value,0
13090.0,36,9,4912.02,545.7800000000001,56,1133,7,272,236,United Kingdom,3,5,5,13,Very High Value,0
13092.0,111,4,439.75,109.9375,15,95,4,259,148,United Kingdom,1,3,1,5,Lower Value,0
13093.0,175,8,7832.47,979.05875,97,3961,4,273,98,United Kingdom,1,5,5,11,High Value,1
13094.0,29,10,1545.72,154.572,4,1356,8,268,239,United Kingdom,3,5,4,12,High Value,0
13097.0,22,8,4636.51,579.56375,181,1861,7,260,238,United Kingdom,4,5,5,14,Very High Value,0
13098.0,13,17,14468.08,851.0635294117646,110,8251,8,217,204,United Kingdom,5,5,5,15,Very High Value,0
13102.0,33,19,4961.7,261.1421052631579,112,3361,8,265,232,United Kingdom,3,5,5,13,Very High Value,0
13104.0,33,3,376.44,125.48,3,180,3,254,221,United Kingdom,3,2,1,6,Lower Value,0
13107.0,75,2,935.22,467.61,36,816,2,233,158,United Kingdom,2,1,3,6,Lower Value,0
13110.0,37,5,1042.24,208.448,79,274,3,211,174,United Kingdom,3,4,3,10,High Value,0
13113.0,13,20,10787.06,539.353,93,2616,8,266,253,United Kingdom,5,5,5,15,Very High Value,0
13117.0,21,7,841.77,120.25285714285714,57,703,6,272,251,United Kingdom,4,4,2,10,High Value,0
13118.0,108,3,799.7,266.56666666666666,40,274,3,188,80,United Kingdom,1,2,2,5,Lower Value,0
13124.0,152,2,2516.47,1258.235,131,1601,2,259,107,United Kingdom,1,1,4,6,Lower Value,0
13126.0,153,5,1077.42,215.484,61,1062,3,266,113,United Kingdom,1,4,3,8,Medium Value,0
13133.0,173,2,109.8,54.9,7,32,2,204,31,United Kingdom,1,1,1,3,Lower Value,1
13134.0,83,3,885.74,295.24666666666667,42,330,2,140,57,United Kingdom,2,2,3,7,Medium Value,0
13136.0,42,3,1226.68,408.8933333333334,55,677,2,112,70,United Kingdom,3,2,3,8,Medium Value,0
13137.0,3,4,1428.76,357.19,211,875,4,208,205,United Kingdom,5,3,3,11,High Value,0
13138.0,33,3,489.45,163.15,22,243,3,272,239,United Kingdom,3,2,1,6,Lower Value,0
13139.0,9,3,1710.94,570.3133333333334,39,726,3,159,150,United Kingdom,5,2,4,11,High Value,0
13140.0,8,3,422.47,140.82333333333335,40,185,2,266,258,United Kingdom,5,2,1,8,Medium Value,1
13141.0,114,4,1401.03,350.2575,77,942,3,215,101,United Kingdom,1,3,3,7,Medium Value,0
13145.0,27,2,413.8,206.9,2,25,2,272,245,United Kingdom,4,1,1,6,Lower Value,0
13148.0,33,10,2766.01,276.601,173,1370,5,264,231,United Kingdom,3,5,5,13,Very High Value,0
13149.0,6,3,1132.6200000000001,377.54,58,884,3,189,183,United Kingdom,5,2,3,10,High Value,0
13155.0,226,2,569.2,284.6,55,262,2,268,42,United Kingdom,1,1,2,4,Lower Value,0
13157.0,41,3,873.2,291.06666666666666,32,788,3,198,157,United Kingdom,3,2,2,7,Medium Value,0
13158.0,19,3,868.1700000000001,289.39000000000004,47,519,3,218,199,United Kingdom,4,2,2,8,Medium Value,0
13162.0,22,4,1688.29,422.0725,74,1713,4,234,212,United Kingdom,4,3,4,11,High Value,1
13168.0,99,3,953.0600000000001,317.68666666666667,94,545,3,218,119,United Kingdom,1,2,3,6,Lower Value,0
13174.0,216,2,2034.06,1017.03,178,927,2,269,53,United Kingdom,1,1,4,6,Lower Value,0
13178.0,33,8,4391.7300000000005,548.9662500000001,81,2599,6,260,227,United Kingdom,3,5,5,13,Very High Value,0
13183.0,1,6,2394.98,399.16333333333336,50,1448,5,234,233,United Kingdom,5,4,4,13,Very High Value,0
13184.0,30,9,1472.1,163.56666666666666,122,1537,5,190,160,United Kingdom,3,5,3,11,High Value,0
13198.0,20,5,3009.18,601.836,182,2369,5,261,241,United Kingdom,4,4,5,13,Very High Value,0
13199.0,3,21,4553.84,216.84952380952382,29,3492,9,266,263,United Kingdom,5,5,5,15,Very High Value,0
13203.0,20,2,309.86,154.93,20,274,2,142,122,United Kingdom,4,1,1,6,Lower Value,0
13208.0,55,4,828.82,207.205,97,572,4,209,154,United Kingdom,2,3,2,7,Medium Value,0
13209.0,28,5,4156.08,831.216,200,3255,5,261,233,United Kingdom,4,4,5,13,Very High Value,0
13213.0,28,4,963.88,240.97,44,478,3,99,71,United Kingdom,4,3,3,10,High Value,0
13217.0,22,3,533.98,177.99333333333334,3,262,2,56,34,United Kingdom,4,2,1,7,Medium Value,1
13220.0,85,3,726.49,242.16333333333333,15,132,3,136,51,United Kingdom,2,2,2,6,Lower Value,0
13221.0,140,2,847.41,423.705,62,244,2,259,119,United Kingdom,1,1,2,4,Lower Value,1
13223.0,100,2,163.2,81.6,5,88,2,132,32,United Kingdom,1,1,1,3,Lower Value,1
13225.0,43,5,4299.56,859.912,15,2164,5,261,218,United Kingdom,3,4,5,12,High Value,0
13230.0,38,12,2195.23,182.93583333333333,302,1332,7,265,227,United Kingdom,3,5,4,12,High Value,0
13232.0,80,4,861.45,215.3625,105,547,3,143,63,United Kingdom,2,3,2,7,Medium Value,0
13238.0,63,2,318.85,159.425,14,137,2,260,197,United Kingdom,2,1,1,4,Lower Value,0
13240.0,73,3,553.61,184.53666666666666,47,241,3,265,192,United Kingdom,2,2,2,6,Lower Value,0
13242.0,12,3,270.40000000000003,90.13333333333334,12,130,2,113,101,United Kingdom,5,2,1,8,Medium Value,1
13246.0,76,5,1838.51,367.702,89,1533,4,230,154,United Kingdom,2,4,4,10,High Value,0
13248.0,24,2,465.68,232.84,25,305,2,89,65,United Kingdom,4,1,1,6,Lower Value,1
13253.0,56,2,1030.4,515.2,35,1572,2,239,183,United Kingdom,2,1,3,6,Lower Value,1
13263.0,8,23,4854.79,211.07782608695652,358,2795,7,225,217,United Kingdom,5,5,5,15,Very High Value,0
13265.0,83,3,1450.66,483.55333333333334,44,1126,3,173,90,United Kingdom,2,2,3,7,Medium Value,0
13266.0,12,8,2535.58,316.9475,54,3060,6,156,144,United Kingdom,5,5,4,14,Very High Value,0
13267.0,10,14,2800.94,200.06714285714287,64,1212,7,266,256,United Kingdom,5,5,5,15,Very High Value,0
13268.0,69,6,2117.81,352.9683333333333,206,2490,4,167,98,United Kingdom,2,4,4,10,High Value,0
13269.0,9,8,2978.5,372.3125,133,2014,6,269,260,United Kingdom,5,5,5,15,Very High Value,0
13280.0,22,3,798.46,266.15333333333336,67,518,2,237,215,United Kingdom,4,2,2,8,Medium Value,1
13282.0,62,2,773.1,386.55,15,172,2,120,58,United Kingdom,2,1,2,5,Lower Value,0
13285.0,61,3,1970.1,656.6999999999999,122,1454,3,190,129,United Kingdom,2,2,4,8,Medium Value,0
13294.0,89,2,873.74,436.87,48,453,2,149,60,United Kingdom,2,1,2,5,Lower Value,1
13301.0,3,4,618.09,154.5225,75,345,4,192,189,United Kingdom,5,3,2,10,High Value,1
13305.0,15,6,1085.75,180.95833333333334,27,697,6,272,257,United Kingdom,4,4,3,11,High Value,0
13309.0,106,2,546.64,273.32,43,616,2,208,102,United Kingdom,1,1,2,4,Lower Value,0
13310.0,106,2,817.65,408.825,50,395,2,224,118,United Kingdom,1,1,2,4,Lower Value,0
13313.0,41,3,918.34,306.11333333333334,32,487,3,239,198,United Kingdom,3,2,3,8,Medium Value,0
13316.0,31,2,3535.18,1767.59,40,4277,2,154,123,United Kingdom,3,1,5,9,Medium Value,0
13317.0,98,5,1313.98,262.796,56,500,3,258,160,United Kingdom,1,4,3,8,Medium Value,0
13319.0,13,18,6897.070000000001,383.1705555555556,158,2973,9,265,252,United Kingdom,5,5,5,15,Very High Value,0
13320.0,6,3,981.15,327.05,59,787,2,113,107,United Kingdom,5,2,3,10,High Value,0
13324.0,103,7,3798.99,542.7128571428572,17,2473,4,260,157,United Kingdom,1,4,5,10,High Value,0
13327.0,12,7,2738.75,391.25,60,1256,6,265,253,United Kingdom,5,4,5,14,Very High Value,0
13330.0,85,2,728.22,364.11,22,400,2,215,130,United Kingdom,2,1,2,5,Lower Value,0
13334.0,90,2,2708.59,1354.295,176,1343,2,205,115,United Kingdom,2,1,5,8,Medium Value,0
13340.0,5,5,9229.54,1845.9080000000001,111,5148,3,176,171,United Kingdom,5,4,5,14,Very High Value,0
13362.0,145,2,1581.53,790.765,92,727,2,187,42,United Kingdom,1,1,4,6,Lower Value,0
13368.0,156,2,623.4,311.7,29,327,2,237,81,United Kingdom,1,1,2,4,Lower Value,1
13373.0,58,2,2055.58,1027.79,95,944,2,176,118,United Kingdom,2,1,4,7,Medium Value,0
13376.0,103,2,770.0,385.0,34,356,2,134,31,United Kingdom,1,1,2,4,Lower Value,0
13381.0,13,4,2461.33,615.3325,63,1251,4,198,185,United Kingdom,5,3,4,12,High Value,0
13384.0,28,2,1755.84,877.92,70,1062,2,78,50,United Kingdom,4,1,4,9,Medium Value,0
13394.0,15,5,1543.45,308.69,76,1475,5,209,194,United Kingdom,4,4,4,12,High Value,0
13397.0,10,4,1228.19,307.0475,22,358,4,239,229,United Kingdom,5,3,3,11,High Value,0
13402.0,27,2,621.23,310.615,32,479,2,272,245,United Kingdom,4,1,2,7,Medium Value,1
13405.0,104,2,557.45,278.725,24,163,2,217,113,United Kingdom,1,1,2,4,Lower Value,0
13408.0,6,40,17408.08,435.20200000000006,178,10270,9,273,267,United Kingdom,5,5,5,15,Very High Value,0
13410.0,87,3,545.04,181.67999999999998,11,300,3,191,104,United Kingdom,2,2,2,6,Lower Value,0
13414.0,33,3,1390.5,463.5,23,1574,2,196,163,United Kingdom,3,2,3,8,Medium Value,1
13418.0,24,14,4342.13,310.15214285714285,173,2684,6,272,248,United Kingdom,4,5,5,14,Very High Value,0
13425.0,8,3,1624.21,541.4033333333333,66,1123,3,194,186,United Kingdom,5,2,4,11,High Value,1
13426.0,82,5,1558.68,311.736,62,1199,5,259,177,United Kingdom,2,4,4,10,High Value,0
13427.0,20,2,464.86,232.43,19,431,2,115,95,United Kingdom,4,1,1,6,Lower Value,0
13435.0,10,3,1088.12,362.70666666666665,31,894,2,89,79,United Kingdom,5,2,3,10,High Value,0
13437.0,29,3,2024.25,674.75,105,640,2,90,61,United Kingdom,3,2,4,9,Medium Value,0
13448.0,118,4,1423.26,355.815,65,720,2,273,155,United Kingdom,1,3,3,7,Medium Value,0
13450.0,24,4,1421.46,355.365,21,1270,3,118,94,United Kingdom,4,3,3,10,High Value,0
13451.0,26,4,2385.5,596.375,284,1743,4,234,208,United Kingdom,4,3,4,11,High Value,0
13453.0,65,2,356.98,178.49,16,134,2,189,124,United Kingdom,2,1,1,4,Lower Value,1
13456.0,55,3,855.0600000000001,285.02000000000004,18,261,3,107,52,United Kingdom,2,2,2,6,Lower Value,0
13458.0,35,9,7355.4400000000005,817.2711111111112,199,4359,7,259,224,United Kingdom,3,5,5,13,Very High Value,0
13468.0,7,27,4255.53,157.61222222222221,151,1805,9,273,266,United Kingdom,5,5,5,15,Very High Value,0
13475.0,91,4,1431.78,357.945,64,1012,4,198,107,United Kingdom,2,3,3,8,Medium Value,1
13476.0,78,2,1238.47,619.235,56,417,2,181,103,United Kingdom,2,1,3,6,Lower Value,1
13477.0,38,4,899.55,224.8875,38,626,4,191,153,United Kingdom,3,3,3,9,Medium Value,0
13479.0,100,2,300.95,150.475,14,134,2,134,34,United Kingdom,1,1,1,3,Lower Value,1
13481.0,8,4,1361.33,340.3325,74,861,3,156,148,United Kingdom,5,3,3,11,High Value,0
13487.0,113,2,408.8,204.4,21,213,2,253,140,United Kingdom,1,1,1,3,Lower Value,0
13488.0,20,9,6596.38,732.9311111111111,231,3232,7,267,247,United Kingdom,4,5,5,14,Very High Value,0
13489.0,5,4,449.52,112.38,11,560,3,194,189,United Kingdom,5,3,1,9,Medium Value,1
13491.0,47,9,1088.45,120.9388888888889,66,812,6,272,225,United Kingdom,3,5,3,11,High Value,0
13492.0,36,3,1269.84,423.28,38,408,2,114,78,Switzerland,3,2,3,8,Medium Value,1
13495.0,132,3,1072.43,357.4766666666667,20,485,2,268,136,United Kingdom,1,2,3,6,Lower Value,0
13497.0,182,2,348.05,174.025,19,163,2,268,86,United Kingdom,1,1,1,3,Lower Value,1
13499.0,125,2,463.79,231.895,18,265,2,169,44,United Kingdom,1,1,1,3,Lower Value,0
13502.0,174,2,189.16000000000003,94.58000000000001,9,110,2,223,49,United Kingdom,1,1,1,3,Lower Value,0
13505.0,66,3,2583.12,861.04,110,1261,3,132,66,Switzerland,2,2,4,8,Medium Value,0
13506.0,216,2,458.52,229.26,26,324,2,269,53,United Kingdom,1,1,1,3,Lower Value,1
13507.0,7,2,1636.47,818.235,107,1040,2,45,38,United Kingdom,5,1,4,10,High Value,0
13509.0,49,4,665.02,166.255,24,767,3,184,135,United Kingdom,3,3,2,8,Medium Value,0
13515.0,17,3,523.96,174.65333333333334,30,473,3,147,130,United Kingdom,4,2,1,7,Medium Value,0
13517.0,6,2,1612.18,806.09,99,981,2,79,73,United Kingdom,5,1,4,10,High Value,0
13520.0,37,5,2947.98,589.596,40,1312,5,271,234,Switzerland,3,4,5,12,High Value,0
13523.0,99,3,2369.24,789.7466666666666,92,828,2,266,167,United Kingdom,1,2,4,7,Medium Value,0
13524.0,1,3,408.86,136.28666666666666,14,187,3,119,118,United Kingdom,5,2,1,8,Medium Value,0
13527.0,5,4,1362.52,340.63,110,1288,3,226,221,United Kingdom,5,3,3,11,High Value,0
13531.0,105,2,483.8,241.9,17,174,2,266,161,United Kingdom,1,1,1,3,Lower Value,1
13533.0,82,3,269.09,89.69666666666666,61,202,2,167,85,United Kingdom,2,2,1,5,Lower Value,1
13534.0,7,21,4371.53,208.16809523809522,101,2242,9,258,251,United Kingdom,5,5,5,15,Very High Value,0
13538.0,20,5,891.75,178.35,8,125,5,215,195,United Kingdom,4,4,3,11,High Value,0
13539.0,140,2,315.65,157.825,21,231,2,209,69,United Kingdom,1,1,1,3,Lower Value,0
13549.0,42,5,762.0500000000001,152.41000000000003,34,411,3,142,100,United Kingdom,3,4,2,9,Medium Value,0
13552.0,23,9,2762.91,306.99,61,1024,5,215,192,United Kingdom,4,5,5,14,Very High Value,0
13562.0,41,2,1209.73,604.865,44,527,2,145,104,United Kingdom,3,1,3,7,Medium Value,0
13564.0,44,3,1724.67,574.89,68,636,2,268,224,United Kingdom,3,2,4,9,Medium Value,1
13571.0,27,6,801.15,133.525,89,672,6,153,126,United Kingdom,4,4,2,10,High Value,0
13575.0,33,2,218.75,109.375,13,113,2,76,43,United Kingdom,3,1,1,5,Lower Value,0
13576.0,13,12,4517.21,376.43416666666667,38,1718,9,273,260,United Kingdom,5,5,5,15,Very High Value,0
13577.0,48,2,822.1,411.05,43,337,2,141,93,United Kingdom,3,1,2,6,Lower Value,0
13588.0,20,3,1075.62,358.53999999999996,80,1118,3,155,135,United Kingdom,4,2,3,9,Medium Value,0
13590.0,50,4,1116.38,279.095,46,900,4,203,153,United Kingdom,3,3,3,9,Medium Value,0
13591.0,104,2,776.23,388.115,36,263,2,166,62,United Kingdom,1,1,2,4,Lower Value,0
13592.0,105,3,205.51,68.50333333333333,12,71,2,164,59,United Kingdom,1,2,1,4,Lower Value,0
13593.0,8,5,2011.88,402.37600000000003,77,719,4,236,228,United Kingdom,5,4,4,13,Very High Value,1
13599.0,56,8,2313.84,289.23,71,1531,6,266,210,United Kingdom,2,5,4,11,High Value,0
13606.0,143,2,246.63,123.315,37,240,2,211,68,United Kingdom,1,1,1,3,Lower Value,0
13610.0,10,5,764.76,152.952,140,364,5,185,175,United Kingdom,5,4,2,11,High Value,0
13611.0,70,2,636.72,318.36,31,420,2,259,189,United Kingdom,2,1,2,5,Lower Value,0
13614.0,64,2,778.88,389.44,82,243,2,230,166,United Kingdom,2,1,2,5,Lower Value,0
13617.0,13,2,365.7,182.85,23,188,2,80,67,United Kingdom,5,1,1,7,Medium Value,0
13623.0,110,4,539.17,134.7925,61,149,4,197,87,United Kingdom,1,3,1,5,Lower Value,0
13627.0,76,3,1027.0,342.3333333333333,62,775,3,257,181,United Kingdom,2,2,3,7,Medium Value,0
13629.0,36,7,4897.36,699.6228571428571,27,2772,6,238,202,United Kingdom,3,4,5,12,High Value,0
13630.0,5,5,1361.46,272.29200000000003,49,973,4,185,180,United Kingdom,5,4,3,12,High Value,0
13631.0,43,10,3017.92,301.79200000000003,6,460,4,167,124,United Kingdom,3,5,5,13,Very High Value,0
13632.0,73,3,812.26,270.75333333333333,70,310,2,143,70,United Kingdom,2,2,2,6,Lower Value,0
13634.0,6,3,755.97,251.99,73,347,3,227,221,United Kingdom,5,2,2,9,Medium Value,0
13636.0,22,4,646.55,161.6375,36,339,4,185,163,United Kingdom,4,3,2,9,Medium Value,0
13637.0,87,2,678.65,339.325,75,350,2,126,39,United Kingdom,2,1,2,5,Lower Value,0
13647.0,75,2,803.86,401.93,33,441,2,134,59,United Kingdom,2,1,2,5,Lower Value,0
13649.0,156,2,346.6,173.3,23,139,2,266,110,United Kingdom,1,1,1,3,Lower Value,1
13650.0,107,2,745.5200000000001,372.76000000000005,33,284,2,167,60,United Kingdom,1,1,2,4,Lower Value,0
13652.0,156,2,638.24,319.12,33,290,2,268,112,United Kingdom,1,1,2,4,Lower Value,0
13654.0,45,4,1714.27,428.5675,100,1532,4,173,128,United Kingdom,3,3,4,10,High Value,0
13655.0,14,2,932.97,466.485,52,605,2,141,127,United Kingdom,4,1,3,8,Medium Value,1
13656.0,64,2,379.65,189.825,49,490,2,237,173,United Kingdom,2,1,1,4,Lower Value,1
13659.0,105,2,1563.0,781.5,92,882,2,220,115,United Kingdom,1,1,4,6,Lower Value,1
13662.0,112,2,516.44,258.22,33,353,2,159,47,United Kingdom,1,1,1,3,Lower Value,0
13668.0,13,16,4900.97,306.310625,218,2938,9,262,249,United Kingdom,5,5,5,15,Very High Value,0
13672.0,201,2,186.39000000000001,93.19500000000001,4,57,2,232,31,United Kingdom,1,1,1,3,Lower Value,1
13675.0,51,2,486.82000000000005,243.41000000000003,25,330,2,184,133,United Kingdom,3,1,1,5,Lower Value,1
13694.0,7,39,45911.64,1177.2215384615386,309,48830,9,273,266,United Kingdom,5,5,5,15,Very High Value,0
13695.0,19,11,1385.53,125.95727272727272,30,914,6,159,140,United Kingdom,4,5,3,12,High Value,0
13700.0,76,6,1229.31,204.885,86,1536,4,227,151,United Kingdom,2,4,3,9,Medium Value,0
13705.0,44,2,522.68,261.34,20,237,2,273,229,United Kingdom,3,1,1,5,Lower Value,1
13707.0,167,2,806.41,403.205,48,351,2,215,48,United Kingdom,1,1,2,4,Lower Value,1
13709.0,1,5,2918.81,583.762,125,1890,3,215,214,United Kingdom,5,4,5,14,Very High Value,0
13715.0,181,5,1077.39,215.478,89,562,3,272,91,United Kingdom,1,4,3,8,Medium Value,1
13717.0,28,4,955.99,238.9975,64,1567,4,198,170,United Kingdom,4,3,3,10,High Value,0
13718.0,146,2,306.55,153.275,9,173,2,195,49,United Kingdom,1,1,1,3,Lower Value,1
13720.0,16,4,799.9,199.975,42,501,4,154,138,United Kingdom,4,3,2,9,Medium Value,1
13722.0,31,3,2375.41,791.8033333333333,75,1401,2,182,151,United Kingdom,3,2,4,9,Medium Value,1
13725.0,69,7,1865.7,266.5285714285714,86,724,4,208,139,United Kingdom,2,4,4,10,High Value,0
13728.0,7,5,797.02,159.404,29,354,5,210,203,United Kingdom,5,4,2,11,High Value,0
13735.0,75,2,1409.69,704.845,88,719,2,134,59,United Kingdom,2,1,3,6,Lower Value,0
13741.0,83,2,363.13,181.565,20,143,2,117,34,United Kingdom,2,1,1,4,Lower Value,0
13742.0,62,10,2632.57,263.257,163,964,5,220,158,United Kingdom,2,5,5,12,High Value,0
13743.0,7,5,912.12,182.424,8,1212,4,159,152,United Kingdom,5,4,3,12,High Value,0
13748.0,132,3,580.85,193.61666666666667,11,223,2,273,141,United Kingdom,1,2,2,5,Lower Value,0
13750.0,40,4,1316.63,329.1575,16,431,4,236,196,United Kingdom,3,3,3,9,Medium Value,0
13752.0,24,6,1175.38,195.89666666666668,64,874,5,146,122,United Kingdom,4,4,3,11,High Value,1
13754.0,51,2,282.6,141.3,11,214,2,217,166,United Kingdom,3,1,1,5,Lower Value,1
13756.0,29,7,2558.34,365.4771428571429,47,1638,5,267,238,United Kingdom,3,4,4,11,High Value,0
13758.0,101,5,2351.52,470.304,87,1493,4,273,172,United Kingdom,1,4,4,9,Medium Value,0
13764.0,44,2,943.29,471.645,123,584,2,237,193,United Kingdom,3,1,3,7,Medium Value,0
13767.0,8,28,9676.37,345.5846428571429,50,3933,8,273,265,United Kingdom,5,5,5,15,Very High Value,0
13769.0,22,6,1730.24,288.37333333333333,55,708,6,267,245,United Kingdom,4,4,4,12,High Value,0
13771.0,99,2,1464.8500000000001,732.4250000000001,65,825,2,147,48,United Kingdom,1,1,3,5,Lower Value,0
13777.0,29,24,12360.24,515.01,35,5959,9,273,244,United Kingdom,3,5,5,13,Very High Value,0
13782.0,24,3,484.79,161.59666666666666,59,184,3,227,203,United Kingdom,4,2,1,7,Medium Value,0
13784.0,13,8,1968.6299999999999,246.07874999999999,9,1833,6,232,219,United Kingdom,5,5,4,14,Very High Value,0
13791.0,27,2,1516.0,758.0,7,1200,2,68,41,United Kingdom,4,1,4,9,Medium Value,1
13798.0,7,41,28066.24,684.5424390243903,95,17638,9,272,265,United Kingdom,5,5,5,15,Very High Value,0
13799.0,16,2,688.86,344.43,32,402,2,194,178,United Kingdom,4,1,2,7,Medium Value,1
13802.0,38,3,4599.42,1533.14,55,2572,3,211,173,United Kingdom,3,2,5,10,High Value,1
13804.0,41,3,1355.11,451.7033333333333,74,791,2,189,148,United Kingdom,3,2,3,8,Medium Value,0
13811.0,83,3,814.5,271.5,7,68,2,139,56,Germany,2,2,2,6,Lower Value,1
13815.0,72,2,2977.75,1488.875,110,1965,2,218,146,Germany,2,1,5,8,Medium Value,0
13821.0,44,2,385.64,192.82,51,153,2,161,117,United Kingdom,3,1,1,5,Lower Value,1
13824.0,35,4,1429.84,357.46,26,660,4,210,175,United Kingdom,3,3,3,9,Medium Value,0
13831.0,38,4,1450.85,362.7125,57,515,3,269,231,United Kingdom,3,3,3,9,Medium Value,0
13835.0,55,2,537.34,268.67,28,291,2,115,60,United Kingdom,2,1,1,4,Lower Value,0
13837.0,111,2,266.59000000000003,133.29500000000002,17,182,2,217,106,United Kingdom,1,1,1,3,Lower Value,1
13838.0,17,3,467.54,155.84666666666666,106,164,2,269,252,United Kingdom,4,2,1,7,Medium Value,1
13842.0,55,7,2165.27,309.32428571428574,96,893,7,266,211,United Kingdom,2,4,4,10,High Value,0
13846.0,142,2,663.9300000000001,331.96500000000003,43,345,2,260,118,United Kingdom,1,1,2,4,Lower Value,0
13848.0,197,2,935.0,467.5,3,2700,2,266,69,United Kingdom,1,1,3,5,Lower Value,0
13851.0,28,2,1353.28,676.64,65,1023,2,188,160,United Kingdom,4,1,3,8,Medium Value,0
13854.0,6,19,6145.16,323.4294736842105,33,1742,8,265,259,United Kingdom,5,5,5,15,Very High Value,0
13856.0,68,3,388.5,129.5,10,494,2,103,35,United Kingdom,2,2,1,5,Lower Value,1
13862.0,8,6,1781.3,296.8833333333333,77,1277,6,232,224,United Kingdom,5,4,4,13,Very High Value,0
13865.0,36,3,383.34000000000003,127.78000000000002,23,154,3,189,153,United Kingdom,3,2,1,6,Lower Value,0
13869.0,23,4,3083.65,770.9125,234,1709,4,257,234,United Kingdom,4,3,5,12,High Value,1
13870.0,1,5,2179.4700000000003,435.89400000000006,82,1058,4,187,186,United Kingdom,5,4,4,13,Very High Value,0
13871.0,12,8,4074.2400000000002,509.28000000000003,116,1746,7,208,196,United Kingdom,5,5,5,15,Very High Value,0
13873.0,19,3,389.6,129.86666666666667,21,140,3,209,190,United Kingdom,4,2,1,7,Medium Value,1
13875.0,33,4,1424.8,356.2,66,1005,4,201,168,United Kingdom,3,3,3,9,Medium Value,0
13880.0,45,8,1680.76,210.095,69,852,7,267,222,United Kingdom,3,5,4,12,High Value,0
13881.0,7,9,6969.14,774.348888888889,46,4766,7,211,204,United Kingdom,5,5,5,15,Very High Value,0
13883.0,118,4,1742.78,435.695,94,904,2,153,35,United Kingdom,1,3,4,8,Medium Value,0
13888.0,19,2,595.67,297.835,38,254,2,118,99,United Kingdom,4,1,2,7,Medium Value,1
13890.0,7,2,501.11,250.555,25,271,2,258,251,United Kingdom,5,1,1,7,Medium Value,0
13900.0,83,3,740.95,246.98333333333335,42,430,3,162,79,United Kingdom,2,2,2,6,Lower Value,1
13901.0,7,4,2652.28,663.07,129,1547,4,218,211,United Kingdom,5,3,5,13,Very High Value,0
13908.0,26,3,1461.61,487.2033333333333,65,919,3,176,150,United Kingdom,4,2,3,9,Medium Value,0
13911.0,44,8,2437.63,304.70375,120,2189,5,208,164,United Kingdom,3,5,4,12,High Value,0
13929.0,69,2,842.65,421.325,8,143,2,226,157,United Kingdom,2,1,2,5,Lower Value,1
13933.0,9,2,608.79,304.395,23,205,2,48,39,United Kingdom,5,1,2,8,Medium Value,1
13939.0,8,2,390.21,195.105,32,657,2,211,203,United Kingdom,5,1,1,7,Medium Value,0
13941.0,71,3,2831.26,943.7533333333334,20,1382,3,272,201,United Kingdom,2,2,5,9,Medium Value,0
13946.0,101,2,485.96999999999997,242.98499999999999,9,263,2,167,66,United Kingdom,1,1,1,3,Lower Value,0
13951.0,76,3,674.45,224.8166666666667,38,459,3,194,118,United Kingdom,2,2,2,6,Lower Value,1
13953.0,15,5,2604.36,520.8720000000001,8,2048,5,252,237,United Kingdom,4,4,4,12,High Value,0
13955.0,54,2,322.96,161.48,33,154,2,205,151,United Kingdom,3,1,1,5,Lower Value,1
13956.0,38,3,676.07,225.35666666666668,95,381,3,171,133,United Kingdom,3,2,2,7,Medium Value,0
13959.0,181,2,337.44,168.72,31,198,2,262,81,United Kingdom,1,1,1,3,Lower Value,0
13963.0,208,4,664.54,166.135,35,460,3,267,59,United Kingdom,1,3,2,6,Lower Value,1
13969.0,7,11,3883.23,353.0209090909091,221,1970,8,265,258,United Kingdom,5,5,5,15,Very High Value,0
13971.0,6,6,1985.9,330.98333333333335,95,1332,5,185,179,United Kingdom,5,4,4,13,Very High Value,0
13975.0,28,4,1466.67,366.6675,166,948,4,176,148,United Kingdom,4,3,3,10,High Value,0
13982.0,63,3,1230.14,410.0466666666667,45,783,3,265,202,United Kingdom,2,2,3,7,Medium Value,0
13983.0,87,8,1681.06,210.1325,65,793,6,266,179,United Kingdom,2,5,4,11,High Value,0
13984.0,26,4,819.33,204.8325,10,647,4,266,240,United Kingdom,4,3,2,9,Medium Value,0
13985.0,7,7,2773.04,396.1485714285714,55,1380,5,164,157,United Kingdom,5,4,5,14,Very High Value,0
13988.0,62,3,1923.5,641.1666666666666,99,1290,3,154,92,United Kingdom,2,2,4,8,Medium Value,0
13993.0,0,6,2247.41,374.5683333333333,59,653,6,230,230,United Kingdom,5,4,4,13,Very High Value,0
13994.0,5,2,419.56,209.78,18,133,2,48,43,United Kingdom,5,1,1,7,Medium Value,0
13995.0,15,3,871.9,290.6333333333333,39,608,3,145,130,United Kingdom,4,2,2,8,Medium Value,0
13999.0,15,8,2561.94,320.2425,86,1591,7,261,246,United Kingdom,4,5,4,13,Very High Value,0
14001.0,132,2,1309.14,654.57,21,632,2,273,141,United Kingdom,1,1,3,5,Lower Value,0
14004.0,8,4,2962.26,740.565,66,1632,3,188,180,United Kingdom,5,3,5,13,Very High Value,0
14005.0,33,3,696.56,232.18666666666664,29,864,3,115,82,United Kingdom,3,2,2,7,Medium Value,0
14006.0,15,3,962.19,320.73,22,641,3,212,197,United Kingdom,4,2,3,9,Medium Value,1
14013.0,10,3,473.02,157.67333333333332,30,462,3,175,165,United Kingdom,5,2,1,8,Medium Value,1
14016.0,61,4,4341.21,1085.3025,154,2125,4,257,196,EIRE,2,3,5,10,High Value,1
14021.0,55,3,631.9,210.63333333333333,22,192,3,156,101,United Kingdom,2,2,2,6,Lower Value,1
14030.0,21,6,1657.5,276.25,147,860,4,266,245,United Kingdom,4,4,4,12,High Value,0
14031.0,26,13,9627.03,740.5407692307692,101,3588,7,272,246,United Kingdom,4,5,5,14,Very High Value,0
14032.0,68,6,1845.3700000000001,307.56166666666667,43,1325,5,266,198,United Kingdom,2,4,4,10,High Value,0
14035.0,7,3,837.26,279.08666666666664,18,447,3,197,190,United Kingdom,5,2,2,9,Medium Value,0
14037.0,76,2,147.20000000000002,73.60000000000001,27,46,2,264,188,United Kingdom,2,1,1,4,Lower Value,1
14038.0,44,2,1086.42,543.21,49,701,2,107,63,United Kingdom,3,1,3,7,Medium Value,0
14040.0,17,9,2472.06,274.67333333333335,121,1144,6,231,214,United Kingdom,4,5,4,13,Very High Value,0
14044.0,3,3,535.71,178.57000000000002,144,247,3,209,206,United Kingdom,5,2,1,8,Medium Value,0
14045.0,9,4,1659.75,414.9375,4,535,3,273,264,United Kingdom,5,3,4,12,High Value,1
14047.0,99,3,635.92,211.97333333333333,15,210,3,272,173,United Kingdom,1,2,2,5,Lower Value,0
14049.0,58,3,3244.74,1081.58,211,2150,3,217,159,United Kingdom,2,2,5,9,Medium Value,0
14051.0,13,15,8687.44,579.1626666666667,42,2196,9,266,253,United Kingdom,5,5,5,15,Very High Value,0
14053.0,24,2,260.25,130.125,2,215,2,59,35,United Kingdom,4,1,1,6,Lower Value,1
14056.0,7,17,5333.97,313.7629411764706,274,2864,7,184,177,United Kingdom,5,5,5,15,Very High Value,0
14057.0,0,13,4805.68,369.66769230769233,155,3945,8,260,260,United Kingdom,5,5,5,15,Very High Value,0
14060.0,8,14,4102.78,293.05571428571426,67,3770,9,272,264,United Kingdom,5,5,5,15,Very High Value,0
14062.0,12,9,7801.79,866.8655555555556,57,3615,6,264,252,United Kingdom,5,5,5,15,Very High Value,0
14064.0,13,4,1097.03,274.2575,44,1512,3,174,161,United Kingdom,5,3,3,11,High Value,0
14077.0,82,3,310.4,103.46666666666665,30,148,3,174,92,United Kingdom,2,2,1,5,Lower Value,0
14078.0,1,6,1049.37,174.89499999999998,46,310,6,273,272,United Kingdom,5,4,3,12,High Value,1
14081.0,202,2,921.62,460.81,126,592,2,269,67,United Kingdom,1,1,3,5,Lower Value,1
14083.0,26,7,533.39,76.19857142857143,92,374,5,271,245,United Kingdom,4,4,1,9,Medium Value,1
14085.0,41,12,3220.94,268.4116666666667,228,2190,7,268,227,United Kingdom,3,5,5,13,Very High Value,0
14088.0,28,7,25507.89,3643.9842857142858,232,7074,4,222,194,United Kingdom,4,4,5,13,Very High Value,0
14092.0,31,9,2437.8,270.8666666666667,87,1262,7,258,227,United Kingdom,3,5,4,12,High Value,0
14099.0,20,8,2309.92,288.74,143,1726,8,254,234,United Kingdom,4,5,4,13,Very High Value,0
14101.0,42,5,4944.39,988.878,15,6406,5,226,184,United Kingdom,3,4,5,12,High Value,0
14107.0,76,5,1836.84,367.368,55,1280,5,264,188,United Kingdom,2,4,4,10,High Value,0
14110.0,19,5,3259.62,651.924,65,1534,5,166,147,United Kingdom,4,4,5,13,Very High Value,0
14111.0,6,2,247.2,123.6,3,184,2,141,135,United Kingdom,5,1,1,7,Medium Value,0
14112.0,30,4,1900.82,475.205,89,1148,3,175,145,United Kingdom,3,3,4,10,High Value,0
14114.0,173,2,386.53,193.265,15,101,2,230,57,United Kingdom,1,1,1,3,Lower Value,1
14127.0,22,3,709.71,236.57000000000002,39,321,3,210,188,United Kingdom,4,2,2,8,Medium Value,1
14132.0,13,5,1552.46,310.492,48,1420,3,83,70,United Kingdom,5,4,4,13,Very High Value,0
14133.0,29,3,605.64,201.88,25,348,2,215,186,United Kingdom,3,2,2,7,Medium Value,1
14135.0,5,10,3190.32,319.03200000000004,82,3364,5,272,267,United Kingdom,5,5,5,15,Very High Value,0
14145.0,56,3,2851.2,950.4,6,576,2,117,61,United Kingdom,2,2,5,9,Medium Value,0
14146.0,154,2,1903.73,951.865,62,811,2,257,103,United Kingdom,1,1,4,6,Lower Value,0
14156.0,14,35,84977.35,2427.924285714286,596,40582,9,271,257,EIRE,4,5,5,14,Very High Value,0
14159.0,44,6,2160.34,360.0566666666667,343,1916,4,262,218,United Kingdom,3,4,4,11,High Value,0
14161.0,115,3,1097.6200000000001,365.8733333333334,87,450,3,269,154,United Kingdom,1,2,3,6,Lower Value,1
14162.0,73,2,289.36,144.68,25,142,2,192,119,United Kingdom,2,1,1,4,Lower Value,1
14163.0,52,3,1659.39,553.13,31,589,3,139,87,United Kingdom,3,2,4,9,Medium Value,0
14167.0,65,3,389.85,129.95000000000002,23,103,3,231,166,United Kingdom,2,2,1,5,Lower Value,0
14175.0,71,2,1205.99,602.995,58,626,2,229,158,United Kingdom,2,1,3,6,Lower Value,0
14176.0,197,4,576.9000000000001,144.22500000000002,28,209,3,267,70,United Kingdom,1,3,2,6,Lower Value,1
14178.0,43,2,296.82,148.41,74,273,2,82,39,United Kingdom,3,1,1,5,Lower Value,0
14180.0,6,21,4110.12,195.72,107,619,9,272,266,United Kingdom,5,5,5,15,Very High Value,0
14188.0,9,4,1383.46,345.865,25,783,4,210,201,United Kingdom,5,3,3,11,High Value,0
14189.0,13,10,2906.96,290.696,119,2450,8,268,255,United Kingdom,5,5,5,15,Very High Value,0
14191.0,8,7,2258.26,322.60857142857145,71,1388,4,120,112,United Kingdom,5,4,4,13,Very High Value,0
14194.0,6,12,5666.45,472.20416666666665,203,3243,6,208,202,United Kingdom,5,5,5,15,Very High Value,0
14195.0,101,2,1012.0,506.0,7,760,2,152,51,United Kingdom,1,1,3,5,Lower Value,1
14198.0,45,2,356.95,178.475,21,167,2,139,94,United Kingdom,3,1,1,5,Lower Value,0
14201.0,49,5,521.24,104.248,19,360,5,259,210,United Kingdom,3,4,1,8,Medium Value,0
14209.0,21,5,1876.33,375.26599999999996,54,657,5,232,211,United Kingdom,4,4,4,12,High Value,0
14210.0,5,6,1905.8400000000001,317.64000000000004,66,760,6,271,266,United Kingdom,5,4,4,13,Very High Value,1
14211.0,107,5,909.89,181.978,44,497,3,195,88,United Kingdom,1,4,3,8,Medium Value,0
14214.0,56,3,899.16,299.71999999999997,56,671,3,177,121,United Kingdom,2,2,3,7,Medium Value,0
14215.0,86,4,1098.27,274.5675,58,589,3,268,182,United Kingdom,2,3,3,8,Medium Value,0
14217.0,55,9,1085.0,120.55555555555556,49,336,8,266,211,United Kingdom,2,5,3,10,High Value,0
14220.0,147,2,632.4000000000001,316.20000000000005,21,272,2,258,111,United Kingdom,1,1,2,4,Lower Value,1
14221.0,13,7,2617.01,373.85857142857145,91,1546,5,239,226,United Kingdom,5,4,4,13,Very High Value,0
14223.0,57,2,656.59,328.295,35,391,2,164,107,United Kingdom,2,1,2,5,Lower Value,0
14224.0,10,4,1009.73,252.4325,105,483,4,220,210,United Kingdom,5,3,3,11,High Value,1
14226.0,110,2,1692.0,846.0,40,1075,2,169,59,United Kingdom,1,1,4,6,Lower Value,0
14227.0,96,7,2399.52,342.7885714285714,104,1279,3,184,88,United Kingdom,1,4,4,9,Medium Value,0
14229.0,191,2,762.13,381.065,23,303,2,233,42,United Kingdom,1,1,2,4,Lower Value,0
14231.0,83,3,925.71,308.57,47,409,3,188,105,United Kingdom,2,2,3,7,Medium Value,1
14232.0,15,4,1573.33,393.3325,71,1503,4,164,149,United Kingdom,4,3,4,11,High Value,0
14233.0,111,3,959.1,319.7,15,410,3,217,106,United Kingdom,1,2,3,6,Lower Value,0
14235.0,57,4,2802.86,700.715,62,1841,3,160,103,United Kingdom,2,3,5,10,High Value,0
14239.0,30,7,1415.54,202.22,63,654,6,216,186,United Kingdom,3,4,3,10,High Value,0
14242.0,134,2,280.55,140.275,13,123,2,225,91,United Kingdom,1,1,1,3,Lower Value,1
14243.0,40,7,1990.78,284.39714285714285,86,866,6,265,225,United Kingdom,3,4,4,11,High Value,0
14245.0,119,2,1693.45,846.725,107,976,2,163,44,United Kingdom,1,1,4,6,Lower Value,1
14246.0,10,3,1474.06,491.3533333333333,57,804,3,145,135,United Kingdom,5,2,3,10,High Value,1
14256.0,160,2,969.0600000000001,484.53000000000003,51,414,2,264,104,United Kingdom,1,1,3,5,Lower Value,1
14257.0,23,4,2725.84,681.46,84,1338,4,218,195,United Kingdom,4,3,5,12,High Value,0
14258.0,51,7,9386.32,1340.902857142857,52,5420,6,237,186,United Kingdom,3,4,5,12,High Value,0
14262.0,7,3,855.0,285.0,42,593,3,140,133,United Kingdom,5,2,2,9,Medium Value,0
14264.0,54,2,333.97,166.985,15,70,2,145,91,United Kingdom,3,1,1,5,Lower Value,1
14265.0,9,2,530.18,265.09,31,330,2,48,39,Unspecified,5,1,1,7,Medium Value,1
14267.0,62,3,1516.24,505.41333333333336,25,530,2,160,98,United Kingdom,2,2,4,8,Medium Value,1
14273.0,36,3,450.05,150.01666666666668,18,196,3,142,106,United Kingdom,3,2,1,6,Lower Value,0
14276.0,80,2,720.4,360.2,37,512,2,189,109,United Kingdom,2,1,2,5,Lower Value,0
14282.0,9,9,2467.54,274.1711111111111,58,1788,6,267,258,United Kingdom,5,5,4,14,Very High Value,0
14289.0,34,5,832.78,166.55599999999998,33,278,5,189,155,United Kingdom,3,4,2,9,Medium Value,1
14291.0,20,7,2355.54,336.5057142857143,96,1478,4,175,155,United Kingdom,4,4,4,12,High Value,0
14292.0,45,4,2590.21,647.5525,50,825,3,182,137,United Kingdom,3,3,4,10,High Value,0
14293.0,47,3,739.41,246.47,40,427,3,268,221,United Kingdom,3,2,2,7,Medium Value,1
14298.0,23,36,35591.84,988.6622222222221,665,42823,9,260,237,United Kingdom,4,5,5,14,Very High Value,0
14299.0,7,5,2437.14,487.428,70,922,3,265,258,United Kingdom,5,4,4,13,Very High Value,0
14307.0,34,4,2307.89,576.9725,119,1711,4,273,239,United Kingdom,3,3,4,10,High Value,0
14309.0,68,6,1310.02,218.33666666666667,57,964,4,258,190,United Kingdom,2,4,3,9,Medium Value,0
14312.0,86,4,854.59,213.6475,42,385,4,237,151,United Kingdom,2,3,2,7,Medium Value,0
14315.0,29,5,1550.15,310.03000000000003,49,689,4,166,137,United Kingdom,3,4,4,11,High Value,0
14320.0,106,2,477.79,238.895,29,325,2,232,126,United Kingdom,1,1,1,3,Lower Value,1
14321.0,16,3,900.65,300.21666666666664,75,1516,3,233,217,United Kingdom,4,2,3,9,Medium Value,0
14323.0,14,2,605.0600000000001,302.53000000000003,32,350,2,138,124,United Kingdom,4,1,2,7,Medium Value,1
14329.0,8,4,3485.03,871.2575,169,2184,4,229,221,United Kingdom,5,3,5,13,Very High Value,0
14334.0,22,6,2013.51,335.585,87,1427,6,258,236,United Kingdom,4,4,4,12,High Value,0
14336.0,98,3,1114.39,371.46333333333337,53,989,2,176,78,United Kingdom,1,2,3,6,Lower Value,0
14338.0,61,2,588.22,294.11,30,335,2,96,35,United Kingdom,2,1,2,5,Lower Value,1
14341.0,30,6,1139.52,189.92,54,709,4,218,188,United Kingdom,3,4,3,10,High Value,0
14342.0,37,2,419.74,209.87,11,176,2,110,73,United Kingdom,3,1,1,5,Lower Value,0
14344.0,27,8,889.9300000000001,111.24125000000001,56,477,5,268,241,United Kingdom,4,5,3,12,High Value,1
14346.0,20,2,1021.58,510.79,55,605,2,197,177,United Kingdom,4,1,3,8,Medium Value,1
14352.0,57,4,1078.96,269.74,44,538,3,173,116,United Kingdom,2,3,3,8,Medium Value,1
14364.0,8,8,3717.35,464.66875,61,1967,4,111,103,United Kingdom,5,5,5,15,Very High Value,1
14367.0,37,10,5419.7,541.97,209,2562,5,176,139,United Kingdom,3,5,5,13,Very High Value,0
14377.0,91,2,617.05,308.525,11,219,2,162,71,United Kingdom,2,1,2,5,Lower Value,1
14388.0,21,5,1835.11,367.022,80,1179,5,272,251,United Kingdom,4,4,4,12,High Value,0
14390.0,44,4,1590.71,397.6775,95,739,4,272,228,United Kingdom,3,3,4,10,High Value,0
14395.0,77,6,1952.32,325.38666666666666,114,970,6,272,195,United Kingdom,2,4,4,10,High Value,0
14397.0,9,9,856.0,95.11111111111111,13,652,4,113,104,United Kingdom,5,5,2,12,High Value,0
14401.0,7,9,2766.2999999999997,307.3666666666666,76,3273,5,259,252,United Kingdom,5,5,5,15,Very High Value,0
14403.0,30,4,1475.81,368.9525,17,519,4,147,117,United Kingdom,3,3,3,9,Medium Value,1
14404.0,8,5,1322.52,264.504,64,769,5,269,261,United Kingdom,5,4,3,12,High Value,0
14407.0,7,6,2157.73,359.62166666666667,67,1415,4,176,169,United Kingdom,5,4,4,13,Very High Value,1
14408.0,30,5,1989.01,397.802,59,1290,4,164,134,United Kingdom,3,4,4,11,High Value,0
14409.0,22,5,1943.73,388.746,36,1160,4,268,246,United Kingdom,4,4,4,12,High Value,0
14410.0,41,7,975.1800000000001,139.3114285714286,123,484,5,205,164,United Kingdom,3,4,3,10,High Value,0
14414.0,9,5,1137.08,227.416,68,1786,3,258,249,United Kingdom,5,4,3,12,High Value,0
14415.0,23,8,3305.88,413.235,173,1596,8,260,237,United Kingdom,4,5,5,14,Very High Value,0
14419.0,152,2,307.14,153.57,45,161,2,264,112,United Kingdom,1,1,1,3,Lower Value,0
14422.0,70,2,1032.15,516.075,57,541,2,167,97,United Kingdom,2,1,3,6,Lower Value,0
14426.0,40,6,2885.58,480.93,151,1603,4,212,172,United Kingdom,3,4,5,12,High Value,0
14428.0,139,2,330.62,165.31,25,145,2,225,86,United Kingdom,1,1,1,3,Lower Value,0
14440.0,216,2,1185.71,592.855,25,341,2,265,49,United Kingdom,1,1,3,5,Lower Value,0
14442.0,104,2,1589.82,794.91,58,482,2,216,112,Channel Islands,1,1,4,6,Lower Value,1
14443.0,38,3,991.52,330.50666666666666,58,666,3,268,230,United Kingdom,3,2,3,8,Medium Value,0
14447.0,96,2,601.03,300.515,34,313,2,180,84,United Kingdom,1,1,2,4,Lower Value,0
14449.0,146,2,399.91,199.955,98,333,2,272,126,United Kingdom,1,1,1,3,Lower Value,0
14450.0,80,3,483.25,161.08333333333334,32,241,3,220,140,United Kingdom,2,2,1,5,Lower Value,1
14460.0,10,3,434.34,144.78,14,881,3,210,200,United Kingdom,5,2,1,8,Medium Value,1
14461.0,48,3,2103.06,701.02,173,766,3,161,113,United Kingdom,3,2,4,9,Medium Value,1
14462.0,20,9,1510.65,167.85000000000002,126,678,7,239,219,United Kingdom,4,5,4,13,Very High Value,0
14463.0,70,2,309.42,154.71,4,127,2,105,35,United Kingdom,2,1,1,4,Lower Value,0
14465.0,146,3,1038.44,346.1466666666667,107,398,2,202,56,United Kingdom,1,2,3,6,Lower Value,1
14466.0,15,5,1580.45,316.09000000000003,28,597,5,272,257,United Kingdom,4,4,4,12,High Value,0
14472.0,3,8,1852.67,231.58375,153,1135,7,255,252,United Kingdom,5,5,4,14,Very High Value,1
14475.0,86,2,622.1700000000001,311.08500000000004,23,243,2,204,118,United Kingdom,2,1,2,5,Lower Value,0
14477.0,84,2,523.0,261.5,3,300,2,197,113,United Kingdom,2,1,1,4,Lower Value,0
14479.0,153,2,316.25,158.125,18,117,2,265,112,United Kingdom,1,1,1,3,Lower Value,1
14481.0,64,2,636.51,318.255,25,489,2,187,123,United Kingdom,2,1,2,5,Lower Value,1
14491.0,75,2,340.93,170.465,17,139,2,272,197,United Kingdom,2,1,1,4,Lower Value,1
14496.0,211,2,538.8100000000001,269.40500000000003,16,159,2,273,62,United Kingdom,1,1,1,3,Lower Value,1
14498.0,16,4,1281.79,320.4475,104,689,4,261,245,United Kingdom,4,3,3,10,High Value,0
14499.0,33,2,367.81,183.905,71,188,2,178,145,United Kingdom,3,1,1,5,Lower Value,0
14500.0,12,2,335.85,167.925,5,107,2,89,77,United Kingdom,5,1,1,7,Medium Value,0
14501.0,83,2,251.21,125.605,9,161,2,219,136,United Kingdom,2,1,1,4,Lower Value,1
14502.0,49,7,1163.22,166.17428571428573,201,532,5,213,164,United Kingdom,3,4,3,10,High Value,0
14504.0,143,3,542.71,180.90333333333334,81,263,2,178,35,United Kingdom,1,2,1,4,Lower Value,0
14505.0,9,6,4222.74,703.79,388,1922,5,262,253,United Kingdom,5,4,5,14,Very High Value,0
14506.0,62,3,818.96,272.9866666666667,82,251,3,269,207,United Kingdom,2,2,2,6,Lower Value,0
14507.0,1,4,924.6899999999999,231.17249999999999,71,478,3,176,175,United Kingdom,5,3,3,11,High Value,0
14512.0,87,2,275.28,137.64,19,122,2,132,45,United Kingdom,2,1,1,4,Lower Value,1
14513.0,0,3,455.59000000000003,151.86333333333334,11,361,3,188,188,United Kingdom,5,2,1,8,Medium Value,1
14514.0,101,2,403.11,201.555,36,173,2,231,130,United Kingdom,1,1,1,3,Lower Value,0
14524.0,78,5,1028.8700000000001,205.77400000000003,113,416,4,260,182,United Kingdom,2,4,3,9,Medium Value,0
14525.0,0,7,2820.29,402.8985714285714,163,1720,6,261,261,United Kingdom,5,4,5,14,Very High Value,0
14527.0,7,39,5136.4,131.70256410256408,257,1274,9,269,262,United Kingdom,5,5,5,15,Very High Value,0
14530.0,28,4,1957.47,489.3675,99,832,4,196,168,United Kingdom,4,3,4,11,High Value,0
14532.0,136,4,932.85,233.2125,45,284,4,252,116,United Kingdom,1,3,3,7,Medium Value,1
14533.0,12,2,734.98,367.49,23,912,2,252,240,United Kingdom,5,1,2,8,Medium Value,0
14534.0,19,13,2899.75,223.05769230769232,257,1448,8,218,199,United Kingdom,4,5,5,14,Very High Value,0
14535.0,27,2,1652.81,826.405,166,966,2,148,121,United Kingdom,4,1,4,9,Medium Value,0
14541.0,68,7,1307.35,186.7642857142857,70,597,5,219,151,United Kingdom,2,4,3,9,Medium Value,0
14543.0,8,13,3234.5,248.80769230769232,37,595,8,264,256,United Kingdom,5,5,5,15,Very High Value,0
14546.0,101,2,874.88,437.44,126,501,2,148,47,United Kingdom,1,1,2,4,Lower Value,0
14548.0,50,2,652.8,326.4,2,256,2,217,167,United Kingdom,3,1,2,6,Lower Value,1
14553.0,118,2,312.32,156.16,35,182,2,239,121,United Kingdom,1,1,1,3,Lower Value,0
14560.0,9,13,1414.0,108.76923076923077,24,265,8,257,248,United Kingdom,5,5,3,13,Very High Value,0
14562.0,27,6,1954.8500000000001,325.80833333333334,103,899,5,204,177,United Kingdom,4,4,4,12,High Value,0
14565.0,13,3,2560.32,853.44,99,1371,3,261,248,United Kingdom,5,2,4,11,High Value,0
14572.0,10,5,2063.2400000000002,412.648,153,1183,4,224,214,United Kingdom,5,4,4,13,Very High Value,0
14573.0,79,9,1639.82,182.20222222222222,127,534,5,272,193,United Kingdom,2,5,4,11,High Value,1
14577.0,63,3,646.64,215.54666666666665,70,280,3,262,199,United Kingdom,2,2,2,6,Lower Value,0
14583.0,44,4,741.72,185.43,172,552,3,105,61,United Kingdom,3,3,2,8,Medium Value,1
14587.0,84,8,1452.68,181.585,166,716,6,231,147,United Kingdom,2,5,3,10,High Value,0
14606.0,3,69,9280.05,134.49347826086955,707,4733,9,273,270,United Kingdom,5,5,5,15,Very High Value,0
14609.0,43,3,486.36,162.12,2,6306,3,196,153,United Kingdom,3,2,1,6,Lower Value,0
14616.0,142,3,406.08000000000004,135.36,2,104,3,217,75,United Kingdom,1,2,1,4,Lower Value,1
14620.0,105,2,412.78000000000003,206.39000000000001,26,214,2,183,78,United Kingdom,1,1,1,3,Lower Value,1
14621.0,56,3,1002.9100000000001,334.30333333333334,45,410,3,258,202,United Kingdom,2,2,3,7,Medium Value,0
14623.0,16,3,606.16,202.0533333333333,88,265,3,135,119,United Kingdom,4,2,2,8,Medium Value,0
14625.0,96,2,899.63,449.815,51,335,2,261,165,United Kingdom,1,1,3,5,Lower Value,1
14626.0,22,2,1571.29,785.645,64,879,2,133,111,United Kingdom,4,1,4,9,Medium Value,0
14631.0,135,2,630.08,315.04,24,352,2,198,63,United Kingdom,1,1,2,4,Lower Value,0
14639.0,20,4,1989.23,497.3075,93,789,3,261,241,United Kingdom,4,3,4,11,High Value,0
14640.0,27,4,1483.3600000000001,370.84000000000003,63,572,4,127,100,United Kingdom,4,3,3,10,High Value,0
14643.0,70,2,693.8100000000001,346.90500000000003,30,815,2,258,188,United Kingdom,2,1,2,5,Lower Value,1
14645.0,56,2,597.09,298.545,28,381,2,175,119,United Kingdom,2,1,2,5,Lower Value,1
14646.0,5,40,176355.94,4408.8985,492,126731,9,254,249,Netherlands,5,5,5,15,Very High Value,0
14656.0,69,2,291.05,145.525,73,120,2,183,114,United Kingdom,2,1,1,4,Lower Value,1
14657.0,55,3,638.94,212.98000000000002,83,339,3,226,171,United Kingdom,2,2,2,6,Lower Value,0
14659.0,45,6,1641.55,273.59166666666664,107,767,6,215,170,United Kingdom,3,4,4,11,High Value,0
14662.0,134,3,512.28,170.76,82,322,3,216,82,United Kingdom,1,2,1,4,Lower Value,0
14667.0,13,17,5428.66,319.33294117647057,265,3103,9,268,255,United Kingdom,5,5,5,15,Very High Value,0
14669.0,141,3,1259.24,419.74666666666667,158,770,2,232,91,United Kingdom,1,2,3,6,Lower Value,1
14672.0,134,2,765.5500000000001,382.77500000000003,58,454,2,236,102,United Kingdom,1,1,2,4,Lower Value,1
14676.0,47,4,1690.92,422.73,19,1824,3,183,136,United Kingdom,3,3,4,10,High Value,0
14680.0,21,13,24196.4,1861.2615384615385,70,11548,9,271,250,United Kingdom,4,5,5,14,Very High Value,0
14684.0,115,2,493.44,246.72,140,270,2,262,147,United Kingdom,1,1,1,3,Lower Value,0
14688.0,29,15,3831.37,255.42466666666667,110,2748,9,273,244,United Kingdom,3,5,5,13,Very High Value,0
14692.0,37,4,591.55,147.8875,53,265,4,222,185,United Kingdom,3,3,2,8,Medium Value,1
14696.0,19,5,1458.54,291.70799999999997,83,1086,5,273,254,United Kingdom,4,4,3,11,High Value,0
14700.0,89,2,1541.1,770.55,56,848,2,138,49,United Kingdom,2,1,4,7,Medium Value,0
14701.0,72,7,1941.43,277.34714285714284,188,666,5,216,144,United Kingdom,2,4,4,10,High Value,0
14702.0,16,9,1651.25,183.47222222222223,106,636,7,265,249,United Kingdom,4,5,4,13,Very High Value,0
14704.0,42,2,207.5,103.75,56,101,2,80,38,United Kingdom,3,1,1,5,Lower Value,0
14708.0,54,2,701.1800000000001,350.59000000000003,12,410,2,268,214,United Kingdom,3,1,2,6,Lower Value,1
14709.0,12,8,3364.44,420.555,64,1662,7,258,246,United Kingdom,5,5,5,15,Very High Value,0
14711.0,9,8,2056.73,257.09125,146,705,5,162,153,United Kingdom,5,5,4,14,Very High Value,0
14713.0,27,8,1821.8799999999999,227.73499999999999,121,1125,6,265,238,United Kingdom,4,5,4,13,Very High Value,0
14715.0,198,2,247.45000000000002,123.72500000000001,21,128,2,231,33,United Kingdom,1,1,1,3,Lower Value,0
14719.0,79,2,488.12,244.06,70,398,2,149,70,United Kingdom,2,1,1,4,Lower Value,0
14730.0,7,5,872.13,174.426,142,509,4,176,169,United Kingdom,5,4,2,11,High Value,0
14732.0,43,5,1618.3,323.65999999999997,72,960,5,239,196,United Kingdom,3,4,4,11,High Value,0
14733.0,10,11,9044.2,822.2,98,3645,8,267,257,United Kingdom,5,5,5,15,Very High Value,0
14735.0,10,22,3496.31,158.9231818181818,66,1321,9,258,248,United Kingdom,5,5,5,15,Very High Value,0
14737.0,28,2,1081.75,540.875,13,303,2,253,225,United Kingdom,4,1,3,8,Medium Value,1
14738.0,33,5,757.6500000000001,151.53000000000003,28,351,4,216,183,United Kingdom,3,4,2,9,Medium Value,0
14739.0,119,3,1307.6200000000001,435.8733333333334,23,1074,3,267,148,United Kingdom,1,2,3,6,Lower Value,0
14740.0,97,3,1448.21,482.7366666666667,85,735,3,183,86,United Kingdom,1,2,3,6,Lower Value,1
14741.0,13,4,864.96,216.24,25,558,3,272,259,United Kingdom,5,3,2,10,High Value,0
14744.0,197,5,928.03,185.606,14,519,3,266,69,United Kingdom,1,4,3,8,Medium Value,0
14745.0,12,5,1220.26,244.052,46,1038,4,185,173,United Kingdom,5,4,3,12,High Value,1
14748.0,23,4,1118.77,279.6925,75,1061,3,268,245,United Kingdom,4,3,3,10,High Value,0
14755.0,12,7,2867.68,409.6685714285714,103,1241,7,234,222,United Kingdom,5,5,5,15,Very High Value,0
14758.0,44,4,1484.06,371.015,54,419,4,159,115,United Kingdom,3,3,3,9,Medium Value,1
14759.0,12,2,870.85,435.425,47,247,2,132,120,United Kingdom,5,1,2,8,Medium Value,1
14765.0,12,2,95.5,47.75,8,22,2,76,64,United Kingdom,5,1,1,7,Medium Value,0
14766.0,68,4,1531.32,382.83,85,984,4,266,198,United Kingdom,2,3,4,9,Medium Value,0
14769.0,8,6,6284.84,1047.4733333333334,478,4329,6,257,249,United Kingdom,5,4,5,14,Very High Value,0
14770.0,132,2,876.4200000000001,438.21000000000004,49,490,2,223,91,United Kingdom,1,1,2,4,Lower Value,1
14775.0,37,2,701.46,350.73,39,802,2,272,235,United Kingdom,3,1,2,6,Lower Value,0
14776.0,5,8,1862.22,232.7775,44,2230,6,212,207,United Kingdom,5,5,4,14,Very High Value,0
14778.0,27,2,730.86,365.43,34,306,2,208,181,United Kingdom,4,1,2,7,Medium Value,1
14779.0,180,3,386.15,128.71666666666667,40,84,2,223,43,United Kingdom,1,2,1,4,Lower Value,1
14790.0,19,2,364.04,182.02,22,384,2,153,134,United Kingdom,4,1,1,6,Lower Value,0
14794.0,103,4,679.54,169.885,37,311,3,234,131,United Kingdom,1,3,2,6,Lower Value,0
14796.0,7,13,5748.12,442.1630769230769,325,4384,9,266,259,United Kingdom,5,5,5,15,Very High Value,0
14798.0,44,2,97.4,48.7,7,104,2,210,166,United Kingdom,3,1,1,5,Lower Value,0
14800.0,9,9,3832.49,425.8322222222222,209,3154,7,269,260,United Kingdom,5,5,5,15,Very High Value,0
14803.0,62,3,845.5500000000001,281.85,35,370,3,192,130,United Kingdom,2,2,2,6,Lower Value,1
14810.0,3,10,1866.78,186.678,97,912,8,269,266,United Kingdom,5,5,4,14,Very High Value,0
14817.0,100,2,1110.34,555.17,52,655,2,177,77,United Kingdom,1,1,3,5,Lower Value,1
14818.0,69,2,409.63,204.815,23,202,2,153,84,United Kingdom,2,1,1,4,Lower Value,0
14825.0,27,7,1333.47,190.49571428571429,68,540,6,268,241,United Kingdom,4,5,3,12,High Value,0
14828.0,96,3,2139.76,713.2533333333334,17,2172,3,236,140,United Kingdom,1,2,4,7,Medium Value,1
14829.0,84,3,531.63,177.21,33,364,2,272,188,United Kingdom,2,2,1,5,Lower Value,0
14834.0,20,2,429.3,214.65,18,180,2,140,120,United Kingdom,4,1,1,6,Lower Value,0
14837.0,5,3,1345.56,448.52,82,1226,3,101,96,United Kingdom,5,2,3,10,High Value,0
14841.0,79,4,2375.57,593.8925,88,1235,4,258,179,United Kingdom,2,3,4,9,Medium Value,0
14842.0,91,2,1688.48,844.24,77,633,2,208,117,United Kingdom,2,1,4,7,Medium Value,0
14844.0,23,3,2257.6800000000003,752.5600000000001,64,1301,3,141,118,United Kingdom,4,2,4,10,High Value,0
14849.0,19,15,5025.25,335.01666666666665,115,3624,8,273,254,United Kingdom,4,5,5,14,Very High Value,0
14852.0,40,4,1634.21,408.5525,54,1013,3,152,112,United Kingdom,3,3,4,10,High Value,0
14854.0,33,6,2281.83,380.305,95,1429,4,174,141,United Kingdom,3,4,4,11,High Value,0
14866.0,5,4,1163.9,290.975,25,552,3,266,261,United Kingdom,5,3,3,11,High Value,0
14867.0,85,3,710.28,236.76,31,328,3,236,151,United Kingdom,2,2,2,6,Lower Value,1
14868.0,20,4,1297.07,324.2675,59,689,3,133,113,United Kingdom,4,3,3,10,High Value,0
14871.0,78,3,335.3,111.76666666666667,44,109,3,260,182,United Kingdom,2,2,1,5,Lower Value,1
14875.0,7,2,1465.32,732.66,46,558,2,162,155,United Kingdom,5,1,3,9,Medium Value,1
14878.0,73,6,1083.02,180.50333333333333,51,627,5,258,185,United Kingdom,2,4,3,9,Medium Value,0
14880.0,85,2,347.67,173.835,25,237,2,188,103,United Kingdom,2,1,1,4,Lower Value,0
14883.0,63,2,358.48,179.24,25,322,2,111,48,United Kingdom,2,1,1,4,Lower Value,0
14891.0,48,2,554.38,277.19,30,505,2,87,39,United Kingdom,3,1,2,6,Lower Value,1
14895.0,10,10,6081.71,608.171,183,2426,6,190,180,United Kingdom,5,5,5,15,Very High Value,0
14896.0,104,2,468.77000000000004,234.38500000000002,43,279,2,265,161,United Kingdom,1,1,1,3,Lower Value,1
14898.0,34,5,991.18,198.236,60,852,5,271,237,United Kingdom,3,4,3,10,High Value,0
14901.0,1,5,822.12,164.424,50,409,2,272,271,United Kingdom,5,4,2,11,High Value,0
14903.0,24,4,2398.62,599.655,195,1330,4,178,154,United Kingdom,4,3,4,11,High Value,0
14905.0,57,2,616.15,308.075,14,287,2,133,76,United Kingdom,2,1,2,5,Lower Value,1
14907.0,47,4,1931.82,482.955,86,933,2,267,220,United Kingdom,3,3,4,10,High Value,0
14911.0,5,106,74381.01,701.7076415094339,1190,39424,9,273,268,EIRE,5,5,5,15,Very High Value,0
14913.0,83,3,917.15,305.71666666666664,57,1362,3,259,176,United Kingdom,2,2,3,7,Medium Value,0
14916.0,49,2,701.28,350.64,42,604,2,224,175,United Kingdom,3,1,2,6,Lower Value,0
14918.0,15,2,1610.15,805.075,39,675,2,54,39,United Kingdom,4,1,4,9,Medium Value,1
14930.0,8,3,2362.96,787.6533333333333,116,1160,2,174,166,Channel Islands,5,2,4,11,High Value,1
14931.0,106,2,586.0,293.0,10,98,2,140,34,Channel Islands,1,1,2,4,Lower Value,0
14936.0,8,3,5072.88,1690.96,124,2352,3,175,167,Channel Islands,5,2,5,12,High Value,0
14944.0,44,6,2507.73,417.955,63,1383,4,196,152,United Kingdom,3,4,4,11,High Value,0
14948.0,9,3,556.87,185.62333333333333,35,361,3,119,110,United Kingdom,5,2,2,9,Medium Value,0
14952.0,106,7,3534.61,504.94428571428574,82,1787,3,264,158,United Kingdom,1,5,5,11,High Value,0
14958.0,47,3,483.73,161.24333333333334,33,128,3,145,98,United Kingdom,3,2,1,6,Lower Value,1
14959.0,9,3,537.32,179.10666666666668,33,400,3,196,187,United Kingdom,5,2,1,8,Medium Value,0
14961.0,54,6,3906.98,651.1633333333333,140,2152,4,260,206,United Kingdom,3,4,5,12,High Value,0
14970.0,37,3,1119.75,373.25,10,165,3,216,179,United Kingdom,3,2,3,8,Medium Value,0
14973.0,7,3,1314.45,438.15000000000003,29,369,3,125,118,United Kingdom,5,2,3,10,High Value,1
14976.0,1,4,559.96,139.99,38,162,4,226,225,United Kingdom,5,3,2,10,High Value,0
14978.0,135,4,1527.23,381.8075,120,415,3,230,95,United Kingdom,1,3,4,8,Medium Value,0
14985.0,98,2,292.01,146.005,78,256,2,258,160,United Kingdom,1,1,1,3,Lower Value,1
14998.0,70,2,414.87,207.435,70,258,2,141,71,United Kingdom,2,1,1,4,Lower Value,1
15002.0,15,4,1641.76,410.44,93,862,4,267,252,United Kingdom,4,3,4,11,High Value,1
15005.0,8,19,4314.23,227.06473684210525,273,2883,9,266,258,United Kingdom,5,5,5,15,Very High Value,0
15018.0,152,2,291.34000000000003,145.67000000000002,17,94,2,267,115,United Kingdom,1,1,1,3,Lower Value,0
15021.0,56,5,1080.23,216.046,204,505,5,266,210,United Kingdom,2,4,3,9,Medium Value,0
15023.0,16,8,5027.97,628.49625,271,2193,7,269,253,United Kingdom,4,5,5,14,Very High Value,0
15024.0,13,5,830.62,166.124,62,404,3,267,254,United Kingdom,5,4,2,11,High Value,0
15026.0,140,2,230.78,115.39,24,81,2,177,37,United Kingdom,1,1,1,3,Lower Value,0
15027.0,68,3,966.97,322.3233333333333,27,523,3,138,70,United Kingdom,2,2,3,7,Medium Value,0
15031.0,10,2,261.79,130.895,42,115,2,182,172,United Kingdom,5,1,1,7,Medium Value,0
15032.0,156,3,4959.1,1653.0333333333335,29,2968,2,266,110,United Kingdom,1,2,5,8,Medium Value,1
15033.0,9,6,1608.95,268.15833333333336,203,903,5,229,220,United Kingdom,5,4,4,13,Very High Value,0
15034.0,132,5,2640.38,528.076,158,1326,4,253,121,United Kingdom,1,4,5,10,High Value,0
15038.0,87,4,497.7,124.425,90,123,4,269,182,United Kingdom,2,3,1,6,Lower Value,0
15039.0,14,36,17502.56,486.18222222222226,360,8121,9,268,254,United Kingdom,4,5,5,14,Very High Value,0
15044.0,36,13,5152.68,396.36,147,1539,8,262,226,United Kingdom,3,5,5,13,Very High Value,0
15045.0,51,2,735.66,367.83,11,114,2,157,106,United Kingdom,3,1,2,6,Lower Value,1
15046.0,27,10,3822.48,382.248,119,2451,6,238,211,United Kingdom,4,5,5,14,Very High Value,0
15048.0,16,3,321.48,107.16000000000001,74,170,3,268,252,United Kingdom,4,2,1,7,Medium Value,0
15053.0,56,2,478.6,239.3,28,514,2,181,125,United Kingdom,2,1,1,4,Lower Value,1
15057.0,175,2,1489.5,744.75,25,668,2,215,40,United Kingdom,1,1,4,6,Lower Value,1
15058.0,24,7,1234.76,176.3942857142857,131,607,5,212,188,United Kingdom,4,5,3,12,High Value,0
15059.0,7,7,1008.6,144.0857142857143,127,405,5,234,227,United Kingdom,5,5,3,13,Very High Value,0
15061.0,27,37,36575.0,988.5135135135135,59,19193,9,272,245,United Kingdom,4,5,5,14,Very High Value,0
15062.0,117,3,814.04,271.34666666666664,38,541,3,259,142,United Kingdom,1,2,2,5,Lower Value,0
15065.0,64,3,2858.75,952.9166666666666,132,1181,3,191,127,United Kingdom,2,2,5,9,Medium Value,0
15078.0,5,22,6702.59,304.66318181818184,83,3387,9,268,263,United Kingdom,5,5,5,15,Very High Value,0
15079.0,112,4,895.61,223.9025,46,389,3,265,153,United Kingdom,1,3,3,7,Medium Value,1
15081.0,108,2,248.05,124.025,16,113,2,267,159,United Kingdom,1,1,1,3,Lower Value,0
15092.0,115,2,457.81,228.905,23,135,2,183,68,United Kingdom,1,1,1,3,Lower Value,1
15093.0,16,5,4027.1,805.42,51,3279,5,272,256,United Kingdom,4,4,5,13,Very High Value,0
15095.0,3,4,1370.6000000000001,342.65000000000003,30,1079,3,103,100,United Kingdom,5,3,3,11,High Value,1
15100.0,233,3,876.0,292.0,1,80,2,273,40,United Kingdom,1,2,2,5,Lower Value,1
15104.0,96,2,993.54,496.77,66,635,2,182,86,United Kingdom,1,1,3,5,Lower Value,1
15106.0,41,3,1032.83,344.27666666666664,67,822,3,169,128,United Kingdom,3,2,3,8,Medium Value,0
15107.0,211,6,319.5,53.25,12,169,3,272,61,United Kingdom,1,4,1,6,Lower Value,1
15108.0,41,4,1300.25,325.0625,50,499,3,127,86,European Community,3,3,3,9,Medium Value,1
15110.0,26,2,376.55,188.275,13,121,2,218,192,United Kingdom,4,1,1,6,Lower Value,0
15114.0,16,6,1354.01,225.66833333333332,66,1509,6,201,185,United Kingdom,4,4,3,11,High Value,0
15116.0,34,2,790.97,395.485,20,255,2,104,70,United Kingdom,3,1,2,6,Lower Value,0
15117.0,20,2,675.73,337.865,31,1085,2,115,95,United Kingdom,4,1,2,7,Medium Value,0
15122.0,14,3,1633.78,544.5933333333334,65,800,3,197,183,United Kingdom,4,2,4,10,High Value,1
15125.0,13,12,10795.48,899.6233333333333,97,5909,6,170,157,United Kingdom,5,5,5,15,Very High Value,0
15128.0,26,3,1170.24,390.08,66,1007,3,119,93,United Kingdom,4,2,3,9,Medium Value,0
15129.0,6,10,2796.73,279.673,48,1621,6,191,185,United Kingdom,5,5,5,15,Very High Value,0
15132.0,5,3,842.23,280.74333333333334,47,633,3,162,157,United Kingdom,5,2,2,9,Medium Value,0
15133.0,27,3,982.42,327.4733333333333,27,680,3,201,174,United Kingdom,4,2,3,9,Medium Value,1
15134.0,27,4,614.86,153.715,27,390,4,140,113,United Kingdom,4,3,2,9,Medium Value,0
15139.0,139,2,178.96,89.48,13,208,2,236,97,United Kingdom,1,1,1,3,Lower Value,1
15140.0,15,5,1728.11,345.62199999999996,53,1266,4,164,149,United Kingdom,4,4,4,12,High Value,0
15144.0,13,9,2968.94,329.88222222222225,78,1450,5,212,199,United Kingdom,5,5,5,15,Very High Value,0
15146.0,64,2,1327.16,663.58,90,1473,2,191,127,United Kingdom,2,1,3,6,Lower Value,1
15150.0,9,5,3569.62,713.924,225,2474,4,169,160,United Kingdom,5,4,5,14,Very High Value,0
15152.0,13,6,2383.21,397.20166666666665,110,1173,3,87,74,United Kingdom,5,4,4,13,Very High Value,0
15157.0,54,2,1505.37,752.685,89,1910,2,258,204,United Kingdom,3,1,4,8,Medium Value,1
15159.0,12,18,8969.97,498.33166666666665,205,5666,8,261,249,United Kingdom,5,5,5,15,Very High Value,0
15164.0,108,2,363.23,181.615,52,142,2,239,131,United Kingdom,1,1,1,3,Lower Value,0
15172.0,35,3,886.74,295.58,60,838,3,136,101,United Kingdom,3,2,3,8,Medium Value,0
15179.0,133,3,1455.1200000000001,485.04,45,1294,2,219,86,United Kingdom,1,2,3,6,Lower Value,0
15181.0,75,2,435.0,217.5,10,252,2,169,94,United Kingdom,2,1,1,4,Lower Value,0
15182.0,54,2,622.85,311.425,24,253,2,168,114,United Kingdom,3,1,2,6,Lower Value,1
15187.0,29,4,1552.04,388.01,29,572,4,112,83,United Kingdom,3,3,4,10,High Value,0
15189.0,6,28,11128.54,397.4478571428572,61,4027,8,232,226,United Kingdom,5,5,5,15,Very High Value,0
15192.0,19,3,1044.32,348.1066666666666,36,918,3,265,246,United Kingdom,4,2,3,9,Medium Value,1
15194.0,26,11,4469.53,406.3209090909091,152,3283,7,268,242,United Kingdom,4,5,5,14,Very High Value,0
15197.0,152,2,773.25,386.625,15,202,2,258,106,United Kingdom,1,1,2,4,Lower Value,0
15199.0,135,2,657.15,328.575,3,227,2,208,73,United Kingdom,1,1,2,4,Lower Value,0
15201.0,26,4,933.26,233.315,29,914,3,147,121,United Kingdom,4,3,3,10,High Value,0
15203.0,5,4,1328.32,332.08,73,1339,4,211,206,United Kingdom,5,3,3,11,High Value,0
15206.0,45,2,53.10000000000001,26.550000000000004,3,18,2,175,130,United Kingdom,3,1,1,5,Lower Value,0
15208.0,63,2,323.52,161.76,16,154,2,253,190,United Kingdom,2,1,1,4,Lower Value,0
15214.0,83,2,651.63,325.815,46,556,2,142,59,United Kingdom,2,1,2,5,Lower Value,0
15218.0,16,8,3865.35,483.16875,68,2258,6,218,202,United Kingdom,4,5,5,14,Very High Value,0
15220.0,15,5,1284.05,256.81,84,1137,5,180,165,United Kingdom,4,4,3,11,High Value,0
15227.0,115,3,876.82,292.27333333333337,36,589,3,217,102,United Kingdom,1,2,2,5,Lower Value,0
15228.0,29,3,2224.03,741.3433333333334,83,1505,3,194,165,United Kingdom,3,2,4,9,Medium Value,0
15235.0,117,12,2247.51,187.29250000000002,132,1324,5,273,156,United Kingdom,1,5,4,10,High Value,1
15240.0,91,3,1045.38,348.46000000000004,30,755,3,211,120,United Kingdom,2,2,3,7,Medium Value,0
15241.0,27,6,1344.86,224.14333333333332,73,1558,5,183,156,United Kingdom,4,4,3,11,High Value,0
15245.0,34,3,2515.84,838.6133333333333,55,1784,3,161,127,United Kingdom,3,2,4,9,Medium Value,1
15246.0,138,2,514.15,257.075,32,247,2,258,120,United Kingdom,1,1,1,3,Lower Value,1
15249.0,7,10,5357.03,535.703,178,2922,5,156,149,United Kingdom,5,5,5,15,Very High Value,0
15251.0,6,7,7452.12,1064.5885714285714,67,4576,5,141,135,United Kingdom,5,5,5,15,Very High Value,0
15258.0,68,2,623.16,311.58,32,142,2,117,49,United Kingdom,2,1,2,5,Lower Value,1
15260.0,0,7,1810.77,258.68142857142857,62,885,6,272,272,United Kingdom,5,5,4,14,Very High Value,1
15265.0,51,2,1506.1200000000001,753.0600000000001,76,612,2,135,84,United Kingdom,3,1,4,8,Medium Value,1
15270.0,17,5,1850.29,370.058,21,1017,3,210,193,United Kingdom,4,4,4,12,High Value,0
15271.0,16,9,1368.3,152.03333333333333,103,712,6,265,249,United Kingdom,4,5,3,12,High Value,0
15281.0,36,8,2191.78,273.9725,113,1128,5,233,197,United Kingdom,3,5,4,12,High Value,0
15288.0,55,4,2006.36,501.59,74,721,4,265,210,United Kingdom,2,3,4,9,Medium Value,0
15289.0,37,2,697.98,348.99,41,768,2,149,112,United Kingdom,3,1,2,6,Lower Value,0
15290.0,3,12,3392.59,282.71583333333336,51,1723,8,259,256,United Kingdom,5,5,5,15,Very High Value,0
15291.0,72,11,3306.27,300.57,57,1166,5,273,201,United Kingdom,2,5,5,12,High Value,0
15296.0,9,5,2599.4900000000002,519.898,118,1275,4,226,217,United Kingdom,5,4,4,13,Very High Value,0
15298.0,42,6,2767.2,461.2,71,1685,5,266,224,United Kingdom,3,4,5,12,High Value,0
15299.0,64,5,3035.01,607.0020000000001,5,2578,3,272,208,United Kingdom,2,4,5,11,High Value,0
15301.0,13,9,3727.4,414.15555555555557,130,1998,7,268,255,United Kingdom,5,5,5,15,Very High Value,0
15304.0,64,6,491.90000000000003,81.98333333333333,8,74,5,268,204,United Kingdom,2,4,1,7,Medium Value,0
15311.0,12,63,44996.54,714.2307936507937,466,28817,9,273,261,United Kingdom,5,5,5,15,Very High Value,0
15312.0,3,3,794.8000000000001,264.93333333333334,33,410,3,254,251,United Kingdom,5,2,2,9,Medium Value,0
15329.0,34,2,754.0,377.0,42,386,2,71,37,United Kingdom,3,1,2,6,Lower Value,0
15353.0,154,2,770.12,385.06,59,341,2,267,113,United Kingdom,1,1,2,4,Lower Value,1
15356.0,5,8,2231.17,278.89625,201,1355,7,268,263,United Kingdom,5,5,4,14,Very High Value,0
15358.0,20,15,5639.81,375.98733333333337,240,4933,9,265,245,United Kingdom,4,5,5,14,Very High Value,0
15370.0,41,4,1513.46,378.365,54,611,4,232,191,United Kingdom,3,3,4,10,High Value,0
15373.0,15,9,1686.9,187.43333333333334,65,354,7,271,256,United Kingdom,4,5,4,13,Very High Value,0
15376.0,17,2,977.22,488.61,94,533,2,122,105,United Kingdom,4,1,3,8,Medium Value,0
15379.0,69,7,3703.29,529.0414285714286,145,2305,5,258,189,United Kingdom,2,5,5,12,High Value,1
15380.0,41,2,582.56,291.28,17,216,2,265,224,United Kingdom,3,1,2,6,Lower Value,0
15381.0,113,2,596.85,298.425,8,171,2,168,55,United Kingdom,1,1,2,4,Lower Value,1
15382.0,84,4,2127.12,531.78,97,1628,3,195,111,United Kingdom,2,3,4,9,Medium Value,0
15384.0,69,2,642.41,321.205,34,596,2,259,190,United Kingdom,2,1,2,5,Lower Value,1
15394.0,104,2,1436.44,718.22,44,546,2,258,154,United Kingdom,1,1,3,5,Lower Value,0
15400.0,13,4,611.2,152.8,9,340,3,178,165,United Kingdom,5,3,2,10,High Value,0
15402.0,48,2,626.77,313.385,35,694,2,96,48,United Kingdom,3,1,2,6,Lower Value,1
15407.0,83,3,740.73,246.91,62,329,3,205,122,United Kingdom,2,2,2,6,Lower Value,0
15410.0,29,6,2702.67,450.445,43,937,5,161,132,United Kingdom,3,4,5,12,High Value,0
15411.0,24,2,382.21000000000004,191.10500000000002,22,155,2,82,58,United Kingdom,4,1,1,6,Lower Value,0
15416.0,55,3,3144.33,1048.11,135,1698,3,182,127,United Kingdom,2,2,5,9,Medium Value,0
15421.0,115,3,739.36,246.45333333333335,35,379,2,210,95,United Kingdom,1,2,2,5,Lower Value,0
15426.0,157,2,634.13,317.065,101,255,2,269,112,United Kingdom,1,1,2,4,Lower Value,0
15433.0,113,2,533.3,266.65,40,534,2,167,54,United Kingdom,1,1,1,3,Lower Value,1
15434.0,7,3,587.28,195.76,32,479,2,100,93,United Kingdom,5,2,2,9,Medium Value,0
15440.0,36,2,237.66,118.83,25,125,2,108,72,United Kingdom,3,1,1,5,Lower Value,0
15443.0,9,2,684.8,342.4,72,347,2,220,211,United Kingdom,5,1,2,8,Medium Value,0
15449.0,85,2,647.7,323.85,30,516,2,161,76,United Kingdom,2,1,2,5,Lower Value,0
15453.0,31,3,479.36,159.78666666666666,77,261,2,87,56,United Kingdom,3,2,1,6,Lower Value,0
15456.0,183,3,434.59,144.86333333333332,48,633,2,259,76,United Kingdom,1,2,1,4,Lower Value,1
15462.0,43,2,169.8,84.9,7,124,2,87,44,United Kingdom,3,1,1,5,Lower Value,0
15465.0,38,15,5992.129999999999,399.47533333333325,38,906,7,269,231,United Kingdom,3,5,5,13,Very High Value,0
15482.0,65,4,1928.3,482.075,17,675,3,258,193,United Kingdom,2,3,4,9,Medium Value,0
15483.0,61,4,225.26,56.315,74,291,2,166,105,United Kingdom,2,3,1,6,Lower Value,1
15485.0,236,2,1268.13,634.065,33,578,2,273,37,United Kingdom,1,1,3,5,Lower Value,0
15491.0,0,5,2800.9300000000003,560.186,108,1490,4,135,135,United Kingdom,5,4,5,14,Very High Value,0
15493.0,49,3,1286.95,428.98333333333335,126,358,3,170,121,United Kingdom,3,2,3,8,Medium Value,0
15498.0,20,19,9126.37,480.33526315789476,288,4525,7,266,246,United Kingdom,4,5,5,14,Very High Value,0
15502.0,23,5,5955.53,1191.106,148,3761,3,269,246,United Kingdom,4,4,5,13,Very High Value,0
15505.0,13,3,2091.14,697.0466666666666,36,964,2,55,42,United Kingdom,5,2,4,11,High Value,0
15508.0,89,6,1000.27,166.71166666666667,78,440,3,135,46,United Kingdom,2,4,3,9,Medium Value,1
15512.0,55,2,121.0,60.5,7,68,2,259,204,United Kingdom,2,1,1,4,Lower Value,1
15513.0,6,15,8928.87,595.258,145,3717,7,273,267,United Kingdom,5,5,5,15,Very High Value,0
15514.0,125,6,2501.94,416.99,50,1184,3,264,139,United Kingdom,1,4,4,9,Medium Value,0
15518.0,24,7,1603.86,229.12285714285713,125,1117,4,232,208,United Kingdom,4,5,4,13,Very High Value,0
15521.0,48,5,2116.98,423.396,112,1366,4,154,106,United Kingdom,3,4,4,11,High Value,0
15527.0,44,5,1330.79,266.158,68,509,5,254,210,United Kingdom,3,4,3,10,High Value,0
15529.0,42,8,2387.23,298.40375,280,2025,6,266,224,United Kingdom,3,5,4,12,High Value,0
15530.0,49,3,1163.69,387.8966666666667,77,654,3,146,97,United Kingdom,3,2,3,8,Medium Value,0
15532.0,31,3,1214.49,404.83,165,371,3,258,227,United Kingdom,3,2,3,8,Medium Value,0
15535.0,73,4,502.9,125.725,55,135,3,227,154,United Kingdom,2,3,1,6,Lower Value,1
15544.0,19,7,2772.37,396.05285714285714,95,2212,6,272,253,United Kingdom,4,5,5,14,Very High Value,0
15547.0,10,8,2745.16,343.145,236,1841,7,262,252,United Kingdom,5,5,5,15,Very High Value,0
15549.0,57,2,1619.88,809.94,94,656,2,216,159,United Kingdom,2,1,4,7,Medium Value,0
15550.0,6,3,433.28,144.42666666666665,36,252,3,201,195,United Kingdom,5,2,1,8,Medium Value,1
15555.0,3,10,2809.63,280.963,260,2428,6,269,266,United Kingdom,5,5,5,15,Very High Value,0
15561.0,49,3,449.66999999999996,149.89,16,95,2,115,66,United Kingdom,3,2,1,6,Lower Value,0
15563.0,100,2,735.62,367.81,55,742,2,258,158,United Kingdom,1,1,2,4,Lower Value,0
15569.0,3,5,1375.71,275.142,27,666,3,232,229,United Kingdom,5,4,3,12,High Value,1
15570.0,41,9,2809.98,312.22,184,1135,6,269,228,United Kingdom,3,5,5,13,Very High Value,0
15572.0,9,4,1552.79,388.1975,109,687,3,178,169,United Kingdom,5,3,4,12,High Value,0
15574.0,77,4,675.64,168.91,131,332,2,272,195,United Kingdom,2,3,2,7,Medium Value,1
15577.0,51,3,258.88,86.29333333333334,39,89,2,205,154,United Kingdom,3,2,1,6,Lower Value,1
15581.0,20,13,3675.77,282.7515384615385,134,283,6,266,246,United Kingdom,4,5,5,14,Very High Value,1
15582.0,0,2,541.51,270.755,33,407,2,120,120,United Kingdom,5,1,1,7,Medium Value,0
15587.0,42,2,456.84,228.42,3,156,2,251,209,United Kingdom,3,1,1,5,Lower Value,0
15589.0,155,3,478.53,159.51,28,243,2,210,55,United Kingdom,1,2,1,4,Lower Value,1
15596.0,0,5,1406.59,281.318,51,561,5,265,265,United Kingdom,5,4,3,12,High Value,1
15601.0,22,11,5585.46,507.7690909090909,200,4003,7,272,250,United Kingdom,4,5,5,14,Very High Value,0
15602.0,100,5,542.95,108.59,12,345,3,268,168,United Kingdom,1,4,1,6,Lower Value,0
15605.0,152,3,690.1800000000001,230.06000000000003,37,266,3,273,121,United Kingdom,1,2,2,5,Lower Value,0
15606.0,19,8,2439.38,304.9225,42,762,6,224,205,United Kingdom,4,5,4,13,Very High Value,0
15611.0,3,8,947.14,118.3925,17,257,4,234,231,United Kingdom,5,5,3,13,Very High Value,0
15615.0,5,19,7367.85,387.7815789473684,153,3837,8,259,254,United Kingdom,5,5,5,15,Very High Value,0
15620.0,120,2,875.01,437.505,59,600,2,258,138,United Kingdom,1,1,2,4,Lower Value,0
15622.0,97,5,2602.0,520.4,127,1225,3,182,85,United Kingdom,1,4,4,9,Medium Value,0
15624.0,16,4,588.13,147.0325,26,357,4,156,140,United Kingdom,4,3,2,9,Medium Value,1
15625.0,3,4,1534.26,383.565,44,1188,3,135,132,United Kingdom,5,3,4,12,High Value,1
15628.0,28,4,1313.55,328.3875,53,861,4,266,238,United Kingdom,4,3,3,10,High Value,0
15632.0,21,6,2351.84,391.97333333333336,76,1304,5,174,153,United Kingdom,4,4,4,12,High Value,0
15640.0,21,11,8836.74,803.34,193,4861,7,272,251,United Kingdom,4,5,5,14,Very High Value,0
15641.0,5,4,1887.2,471.8,102,1562,3,259,254,United Kingdom,5,3,4,12,High Value,1
15643.0,91,3,664.0,221.33333333333334,31,246,2,182,91,United Kingdom,2,2,2,6,Lower Value,1
15644.0,66,4,803.54,200.885,166,550,2,161,95,United Kingdom,2,3,2,7,Medium Value,1
15646.0,57,3,447.64000000000004,149.21333333333334,35,394,3,272,215,United Kingdom,2,2,1,5,Lower Value,1
15648.0,104,2,639.5,319.75,23,218,2,167,63,United Kingdom,1,1,2,4,Lower Value,1
15649.0,236,2,816.0,408.0,1,192,2,267,31,United Kingdom,1,1,2,4,Lower Value,1
15656.0,78,3,563.63,187.87666666666667,34,202,3,184,106,United Kingdom,2,2,2,6,Lower Value,0
15658.0,90,5,1024.1000000000001,204.82000000000002,40,242,5,272,182,United Kingdom,2,4,3,9,Medium Value,1
15660.0,35,6,884.34,147.39000000000001,35,578,4,265,230,United Kingdom,3,4,3,10,High Value,0
15665.0,68,2,2222.21,1111.105,92,1654,2,143,75,United Kingdom,2,1,4,7,Medium Value,1
15669.0,3,3,565.54,188.51333333333332,29,262,3,163,160,United Kingdom,5,2,2,9,Medium Value,0
15671.0,26,4,1334.49,333.6225,44,801,3,170,144,United Kingdom,4,3,3,10,High Value,0
15673.0,56,3,2014.7,671.5666666666667,82,1031,3,227,171,United Kingdom,2,2,4,8,Medium Value,0
15674.0,113,4,1379.6599999999999,344.91499999999996,39,626,3,154,41,United Kingdom,1,3,3,7,Medium Value,0
15675.0,55,2,225.39000000000001,112.69500000000001,16,485,2,180,125,United Kingdom,2,1,1,4,Lower Value,0
15681.0,83,3,703.22,234.40666666666667,22,450,2,180,97,United Kingdom,2,2,2,6,Lower Value,0
15687.0,86,5,1679.45,335.89,69,657,4,230,144,United Kingdom,2,4,4,10,High Value,0
15689.0,19,2,254.1,127.05,8,84,2,261,242,United Kingdom,4,1,1,6,Lower Value,1
15694.0,76,9,3305.7799999999997,367.3088888888889,23,739,6,272,196,United Kingdom,2,5,5,12,High Value,0
15696.0,120,6,1629.95,271.65833333333336,89,717,3,226,106,United Kingdom,1,4,4,9,Medium Value,0
15704.0,40,4,2293.62,573.405,79,1028,3,115,75,United Kingdom,3,3,4,10,High Value,1
15708.0,38,6,2589.34,431.5566666666667,103,989,5,269,231,United Kingdom,3,4,4,11,High Value,0
15712.0,9,3,766.3100000000001,255.4366666666667,32,371,3,187,178,United Kingdom,5,2,2,9,Medium Value,0
15713.0,43,2,356.7,178.35,18,150,2,266,223,United Kingdom,3,1,1,5,Lower Value,1
15716.0,45,4,1101.11,275.2775,101,738,4,269,224,United Kingdom,3,3,3,9,Medium Value,1
15719.0,26,10,3546.8,354.68,252,1922,8,237,211,United Kingdom,4,5,5,14,Very High Value,0
15722.0,8,3,1413.45,471.15000000000003,32,590,3,190,182,United Kingdom,5,3,3,11,High Value,0
15724.0,101,2,218.25,109.125,11,73,2,184,83,United Kingdom,1,1,1,3,Lower Value,1
15727.0,7,6,4589.39,764.8983333333334,191,2625,6,259,252,United Kingdom,5,4,5,14,Very High Value,0
15732.0,112,2,294.12,147.06,13,215,2,272,160,United Kingdom,1,1,1,3,Lower Value,1
15734.0,14,2,1339.45,669.725,25,346,2,100,86,United Kingdom,4,1,3,8,Medium Value,1
15737.0,47,5,880.9300000000001,176.186,43,443,3,142,95,United Kingdom,3,4,2,9,Medium Value,0
15738.0,9,12,3558.41,296.53416666666664,42,2177,9,272,263,United Kingdom,5,5,5,15,Very High Value,0
15743.0,13,2,434.05,217.025,31,119,2,84,71,United Kingdom,5,1,1,7,Medium Value,0
15747.0,20,2,525.37,262.685,26,281,2,72,52,United Kingdom,4,1,1,6,Lower Value,0
15749.0,135,3,44534.3,14844.766666666668,5,18028,2,232,97,United Kingdom,1,3,5,9,Medium Value,1
15750.0,70,4,1108.18,277.045,125,1053,3,266,196,United Kingdom,2,3,3,8,Medium Value,0
15752.0,15,5,1612.85,322.57,178,1317,5,272,257,United Kingdom,4,4,4,12,High Value,0
15755.0,8,3,1144.83,381.60999999999996,65,624,3,194,186,United Kingdom,5,3,3,11,High Value,0
15756.0,52,3,359.89,119.96333333333332,118,166,3,149,97,United Kingdom,3,3,1,7,Medium Value,0
15759.0,118,3,253.04000000000002,84.34666666666668,5,60,3,258,140,United Kingdom,1,3,1,5,Lower Value,1
15764.0,7,5,3276.62,655.324,150,2048,3,176,169,United Kingdom,5,4,5,14,Very High Value,0
15768.0,15,3,621.83,207.27666666666667,23,244,3,125,110,United Kingdom,4,3,2,9,Medium Value,1
15769.0,1,19,41863.72,2203.3536842105264,19,22140,9,271,270,United Kingdom,5,5,5,15,Very High Value,0
15777.0,141,4,1047.1100000000001,261.77750000000003,18,378,3,261,120,United Kingdom,1,3,3,7,Medium Value,1
15780.0,83,3,475.28000000000003,158.42666666666668,26,220,3,257,174,United Kingdom,2,3,1,6,Lower Value,1
15781.0,37,2,211.3,105.65,11,66,2,205,168,United Kingdom,3,1,1,5,Lower Value,0
15785.0,57,4,1665.8300000000002,416.45750000000004,41,1011,3,195,138,United Kingdom,2,3,4,9,Medium Value,0
15796.0,9,5,1572.77,314.554,59,528,4,202,193,United Kingdom,5,4,4,13,Very High Value,0
15797.0,13,4,2207.4,551.85,8,873,4,219,206,United Kingdom,5,3,4,12,High Value,1
15799.0,85,2,481.24,240.62,37,539,2,234,149,United Kingdom,2,1,1,4,Lower Value,0
15800.0,7,2,696.89,348.445,116,332,2,146,139,United Kingdom,5,1,2,8,Medium Value,1
15804.0,8,4,2076.91,519.2275,103,1101,4,98,90,United Kingdom,5,3,4,12,High Value,0
15805.0,6,11,3548.5,322.59090909090907,150,2273,6,264,258,United Kingdom,5,5,5,15,Very High Value,0
15806.0,57,2,521.88,260.94,19,413,2,176,119,United Kingdom,2,1,1,4,Lower Value,0
15808.0,206,4,3651.27,912.8175,142,1305,3,269,63,United Kingdom,1,3,5,9,Medium Value,1
15809.0,84,4,399.21000000000004,99.80250000000001,24,251,4,202,118,United Kingdom,2,3,1,6,Lower Value,0
15810.0,70,3,1361.19,453.73,64,856,3,196,126,United Kingdom,2,3,3,8,Medium Value,0
15811.0,5,5,1773.8,354.76,89,760,4,265,260,United Kingdom,5,4,4,13,Very High Value,0
15812.0,7,5,1801.14,360.228,36,922,5,217,210,United Kingdom,5,4,4,13,Very High Value,1
15813.0,107,2,1303.9099999999999,651.9549999999999,40,603,2,139,32,United Kingdom,1,1,3,5,Lower Value,1
15815.0,40,4,1874.7,468.675,24,1514,4,159,119,United Kingdom,3,3,4,10,High Value,0
15819.0,31,3,1585.47,528.49,83,1139,3,176,145,United Kingdom,3,3,4,10,High Value,0
15827.0,14,13,1598.16,122.93538461538462,60,749,9,272,258,United Kingdom,4,5,4,13,Very High Value,0
15831.0,24,2,451.11,225.555,22,687,2,224,200,United Kingdom,4,1,1,6,Lower Value,0
15834.0,65,3,1783.22,594.4066666666666,176,677,2,177,112,United Kingdom,2,3,4,9,Medium Value,0
15835.0,37,3,675.51,225.17,32,333,3,230,193,United Kingdom,3,3,2,8,Medium Value,0
15838.0,8,12,14153.5,1179.4583333333333,51,7998,7,267,259,United Kingdom,5,5,5,15,Very High Value,0
15841.0,118,2,613.26,306.63,19,366,2,238,120,United Kingdom,1,1,2,4,Lower Value,0
15845.0,44,5,2526.76,505.35200000000003,73,1378,5,237,193,United Kingdom,3,4,4,11,High Value,0
15854.0,40,9,2393.69,265.96555555555557,70,744,7,261,221,United Kingdom,3,5,4,12,High Value,0
15855.0,36,5,712.24,142.448,59,470,5,163,127,United Kingdom,3,4,2,9,Medium Value,1
15856.0,0,15,9939.48,662.632,245,6705,8,265,265,United Kingdom,5,5,5,15,Very High Value,0
15858.0,189,2,816.22,408.11,91,725,2,267,78,United Kingdom,1,1,2,4,Lower Value,0
15860.0,24,5,654.28,130.856,62,273,4,268,244,United Kingdom,4,4,2,10,High Value,0
15861.0,34,3,1123.76,374.58666666666664,174,870,2,167,133,United Kingdom,3,3,3,9,Medium Value,0
15862.0,12,3,659.73,219.91,98,499,3,273,261,United Kingdom,5,3,2,10,High Value,1
15864.0,77,2,414.26,207.13,7,206,2,216,139,United Kingdom,2,1,1,4,Lower Value,0
15867.0,13,12,2947.41,245.61749999999998,253,1485,9,269,256,United Kingdom,5,5,5,15,Very High Value,0
15874.0,77,6,2207.75,367.9583333333333,79,1065,5,184,107,United Kingdom,2,4,4,10,High Value,0
15881.0,212,5,501.39,100.27799999999999,26,260,2,264,52,United Kingdom,1,4,1,6,Lower Value,1
15882.0,98,4,516.36,129.09,23,276,2,268,170,United Kingdom,1,3,1,5,Lower Value,1
15889.0,56,2,420.07,210.035,79,206,2,269,213,United Kingdom,2,1,1,4,Lower Value,1
15894.0,153,2,258.25,129.125,35,164,2,269,116,United Kingdom,1,1,1,3,Lower Value,1
15898.0,126,4,997.94,249.485,67,421,3,268,142,United Kingdom,1,3,3,7,Medium Value,1
15903.0,127,2,641.64,320.82,19,676,2,195,68,United Kingdom,1,1,2,4,Lower Value,0
15906.0,44,4,797.71,199.4275,56,242,3,155,111,United Kingdom,3,3,2,8,Medium Value,0
15907.0,76,2,477.59000000000003,238.79500000000002,93,237,2,110,34,United Kingdom,2,1,1,4,Lower Value,1
15910.0,107,4,550.61,137.6525,117,431,4,216,109,United Kingdom,1,3,2,6,Lower Value,0
15912.0,78,2,264.62,132.31,19,185,2,133,55,United Kingdom,2,1,1,4,Lower Value,1
15916.0,91,5,846.95,169.39000000000001,64,393,4,266,175,United Kingdom,2,4,2,8,Medium Value,0
15918.0,90,2,334.23,167.115,33,153,2,171,81,United Kingdom,2,1,1,4,Lower Value,1
15932.0,7,6,1885.95,314.325,65,1509,6,189,182,United Kingdom,5,4,4,13,Very High Value,0
15938.0,12,5,404.58000000000004,80.91600000000001,13,240,5,223,211,United Kingdom,5,4,1,10,High Value,1
15939.0,7,14,5860.25,418.5892857142857,28,4572,8,231,224,United Kingdom,5,5,5,15,Very High Value,0
15950.0,6,2,1091.38,545.69,66,445,2,259,253,United Kingdom,5,1,3,9,Medium Value,0
15952.0,59,2,309.20000000000005,154.60000000000002,25,140,2,125,66,United Kingdom,2,1,1,4,Lower Value,0
15953.0,111,4,824.04,206.01,29,450,4,269,158,United Kingdom,1,3,2,6,Lower Value,0
15955.0,6,8,2463.65,307.95625,68,1103,4,272,266,United Kingdom,5,5,4,14,Very High Value,0
15971.0,8,7,2109.45,301.34999999999997,9,912,5,211,203,United Kingdom,5,5,4,14,Very High Value,0
15974.0,33,5,2547.13,509.42600000000004,100,1526,5,188,155,United Kingdom,3,4,4,11,High Value,0
15976.0,65,2,427.64,213.82,83,275,2,120,55,United Kingdom,2,1,1,4,Lower Value,1
15981.0,37,6,2458.2,409.7,31,1296,6,211,174,United Kingdom,3,4,4,11,High Value,0
15984.0,0,7,1807.51,258.2157142857143,176,943,6,268,268,United Kingdom,5,5,4,14,Very High Value,0
15985.0,23,2,1142.42,571.21,29,1086,2,136,113,United Kingdom,4,1,3,8,Medium Value,1
15987.0,20,6,1193.63,198.93833333333336,64,1365,4,268,248,United Kingdom,4,4,3,11,High Value,0
15996.0,16,5,879.76,175.952,91,336,5,266,250,United Kingdom,4,4,2,10,High Value,0
15998.0,71,3,2105.26,701.7533333333334,280,1370,3,262,191,United Kingdom,2,3,4,9,Medium Value,0
16003.0,34,3,1793.9,597.9666666666667,56,595,3,259,225,United Kingdom,3,3,4,10,High Value,0
16005.0,82,2,275.41,137.705,77,117,2,170,88,United Kingdom,2,1,1,4,Lower Value,0
16007.0,80,2,727.67,363.835,128,581,2,115,35,United Kingdom,2,1,2,5,Lower Value,0
16010.0,145,3,392.4,130.79999999999998,62,202,2,262,117,United Kingdom,1,3,1,5,Lower Value,1
16011.0,19,10,1715.53,171.553,82,1128,7,266,247,United Kingdom,4,5,4,13,Very High Value,0
16013.0,9,34,21587.74,634.9335294117648,27,8250,9,271,262,United Kingdom,5,5,5,15,Very High Value,0
16014.0,52,2,514.38,257.19,115,222,2,191,139,United Kingdom,3,1,1,5,Lower Value,0
16016.0,96,4,791.07,197.7675,99,300,3,266,170,United Kingdom,1,3,2,6,Lower Value,0
16019.0,36,7,2952.25,421.75,85,1193,6,264,228,United Kingdom,3,5,5,13,Very High Value,0
16023.0,92,2,500.69,250.345,59,227,2,166,74,United Kingdom,2,1,1,4,Lower Value,0
16027.0,37,5,776.22,155.244,11,859,4,202,165,United Kingdom,3,4,2,9,Medium Value,0
16029.0,7,46,52213.24,1135.0704347826086,43,24407,9,273,266,United Kingdom,5,5,5,15,Very High Value,0
16033.0,8,16,5864.55,366.534375,367,2149,9,269,261,United Kingdom,5,5,5,15,Very High Value,0
16034.0,96,3,437.70000000000005,145.9,18,242,2,232,136,United Kingdom,1,3,1,5,Lower Value,1
16037.0,169,3,855.02,285.00666666666666,37,428,3,258,89,United Kingdom,1,3,2,6,Lower Value,1
16040.0,48,2,876.1800000000001,438.09000000000003,42,509,2,168,120,United Kingdom,3,1,2,6,Lower Value,0
16042.0,7,2,440.48,220.24,26,260,2,232,225,United Kingdom,5,1,1,7,Medium Value,0
16043.0,111,3,676.49,225.49666666666667,22,342,3,217,106,United Kingdom,1,3,2,6,Lower Value,0
16045.0,19,4,1340.7,335.175,71,897,4,190,171,United Kingdom,4,3,3,10,High Value,1
16057.0,111,3,1059.54,353.18,58,377,2,184,73,United Kingdom,1,3,3,7,Medium Value,0
16059.0,63,4,944.6,236.15,99,390,4,267,204,United Kingdom,2,3,3,8,Medium Value,0
16062.0,33,3,778.14,259.38,37,650,3,264,231,United Kingdom,3,3,2,8,Medium Value,1
16076.0,20,3,887.8000000000001,295.93333333333334,49,710,3,108,88,United Kingdom,4,3,3,10,High Value,0
16081.0,85,3,992.37,330.79,57,476,3,266,181,United Kingdom,2,3,3,8,Medium Value,0
16083.0,0,2,1317.62,658.81,31,908,2,260,260,United Kingdom,5,1,3,9,Medium Value,1
16085.0,136,2,325.04,162.52,48,224,2,220,84,United Kingdom,1,1,1,3,Lower Value,0
16086.0,100,3,587.0600000000001,195.6866666666667,16,248,3,267,167,United Kingdom,1,3,2,6,Lower Value,0
16091.0,54,2,315.06,157.53,16,154,2,98,44,United Kingdom,3,1,1,5,Lower Value,1
16092.0,14,3,817.86,272.62,37,628,3,154,140,United Kingdom,4,3,2,9,Medium Value,1
16098.0,28,6,1712.49,285.415,31,501,6,273,245,United Kingdom,4,4,4,12,High Value,0
16099.0,37,2,592.1,296.05,26,362,2,125,88,United Kingdom,3,1,2,6,Lower Value,0
16103.0,57,4,1156.4,289.1,24,388,3,133,76,United Kingdom,2,3,3,8,Medium Value,0
16107.0,3,3,1494.1200000000001,498.04,16,500,3,83,80,United Kingdom,5,3,4,12,High Value,0
16109.0,118,2,611.88,305.94,18,612,2,208,90,United Kingdom,1,1,2,4,Lower Value,1
16110.0,162,2,678.18,339.09,173,342,2,211,49,United Kingdom,1,1,2,4,Lower Value,0
16112.0,43,4,195.74,48.935,15,574,2,238,195,United Kingdom,3,3,1,7,Medium Value,1
16115.0,17,5,924.59,184.918,125,592,5,192,175,United Kingdom,4,4,3,11,High Value,0
16122.0,12,3,550.26,183.42,24,912,3,266,254,United Kingdom,5,3,2,10,High Value,0
16126.0,1,3,3706.7,1235.5666666666666,41,1084,3,196,195,United Kingdom,5,3,5,13,Very High Value,0
16128.0,43,2,694.7,347.35,34,366,2,182,139,United Kingdom,3,1,2,6,Lower Value,0
16131.0,15,4,2278.5,569.625,46,1244,3,139,124,United Kingdom,4,3,4,11,High Value,0
16133.0,1,23,10619.27,461.7073913043478,139,6223,7,218,217,United Kingdom,5,5,5,15,Very High Value,0
16139.0,12,2,306.37,153.185,13,155,2,106,94,United Kingdom,5,1,1,7,Medium Value,0
16143.0,8,5,1949.3600000000001,389.872,70,715,4,269,261,United Kingdom,5,4,4,13,Very High Value,1
16145.0,23,7,2282.3,326.04285714285714,93,1913,7,259,236,United Kingdom,4,5,4,13,Very High Value,0
16146.0,57,3,734.13,244.71,26,427,3,132,75,United Kingdom,2,3,2,7,Medium Value,1
16150.0,28,3,1408.7,469.56666666666666,66,774,3,272,244,United Kingdom,4,3,3,10,High Value,0
16153.0,15,4,1023.54,255.885,50,530,4,254,239,United Kingdom,4,3,3,10,High Value,0
16156.0,51,5,1415.17,283.034,62,654,4,210,159,United Kingdom,3,4,3,10,High Value,0
16161.0,40,12,3036.66,253.05499999999998,172,1475,7,268,228,United Kingdom,3,5,5,13,Very High Value,0
16163.0,132,2,856.6,428.3,5,192,2,265,133,United Kingdom,1,1,2,4,Lower Value,1
16168.0,3,16,2361.2,147.575,39,1224,8,269,266,United Kingdom,5,5,4,14,Very High Value,0
16170.0,12,5,1560.66,312.132,91,1483,4,148,136,United Kingdom,5,4,4,13,Very High Value,0
16172.0,30,3,800.35,266.78333333333336,41,531,3,141,111,United Kingdom,3,3,2,8,Medium Value,0
16175.0,69,3,736.89,245.63,34,369,3,140,71,United Kingdom,2,3,2,7,Medium Value,0
16180.0,0,8,10254.18,1281.7725,90,5867,5,152,152,United Kingdom,5,5,5,15,Very High Value,1
16182.0,30,3,4844.0,1614.6666666666667,8,2800,3,194,164,United Kingdom,3,3,5,11,High Value,0
16184.0,5,5,985.8000000000001,197.16000000000003,22,470,4,111,106,United Kingdom,5,4,3,12,High Value,0
16186.0,3,9,2696.5299999999997,299.6144444444444,67,2242,6,272,269,United Kingdom,5,5,5,15,Very High Value,0
16187.0,13,10,4601.32,460.13199999999995,130,3381,5,184,171,United Kingdom,5,5,5,15,Very High Value,0
16188.0,41,3,755.03,251.67666666666665,51,645,2,142,101,United Kingdom,3,3,2,8,Medium Value,0
16191.0,162,8,2615.68,326.96,25,1612,4,260,98,United Kingdom,1,5,4,10,High Value,0
16203.0,47,3,378.3,126.10000000000001,19,158,3,272,225,United Kingdom,3,3,1,7,Medium Value,0
16206.0,24,3,409.86,136.62,48,203,3,227,203,United Kingdom,4,3,1,8,Medium Value,0
16209.0,19,4,2116.9,529.225,35,1103,3,146,127,United Kingdom,4,3,4,11,High Value,0
16210.0,16,10,10904.08,1090.408,47,4261,5,273,257,United Kingdom,4,5,5,14,Very High Value,0
16214.0,70,3,1062.75,354.25,36,420,3,169,99,United Kingdom,2,3,3,8,Medium Value,1
16217.0,135,2,304.25,152.125,13,91,2,182,47,United Kingdom,1,1,1,3,Lower Value,1
16218.0,14,6,2635.48,439.24666666666667,51,1752,5,273,259,United Kingdom,4,4,5,13,Very High Value,0
16221.0,175,2,315.37,157.685,29,267,2,267,92,United Kingdom,1,1,1,3,Lower Value,0
16224.0,41,3,865.88,288.62666666666667,63,798,2,149,108,United Kingdom,3,3,2,8,Medium Value,0
16225.0,49,4,953.64,238.41,108,451,3,177,128,United Kingdom,3,3,3,9,Medium Value,0
16226.0,103,3,255.12,85.04,6,192,2,135,32,United Kingdom,1,3,1,5,Lower Value,1
16230.0,89,2,542.03,271.015,32,365,2,120,31,United Kingdom,2,1,1,4,Lower Value,1
16232.0,43,3,725.04,241.67999999999998,23,438,2,115,72,United Kingdom,3,3,2,8,Medium Value,0
16233.0,229,2,326.5,163.25,9,90,2,266,37,United Kingdom,1,1,1,3,Lower Value,0
16235.0,86,3,665.29,221.76333333333332,34,251,3,232,146,United Kingdom,2,3,2,7,Medium Value,0
16241.0,14,8,1501.82,187.7275,247,838,7,269,255,United Kingdom,4,5,4,13,Very High Value,0
16242.0,65,3,846.59,282.19666666666666,60,375,3,177,112,United Kingdom,2,3,2,7,Medium Value,0
16244.0,111,2,1522.75,761.375,88,855,2,272,161,United Kingdom,1,1,4,6,Lower Value,1
16245.0,21,2,769.7,384.85,49,430,2,156,135,United Kingdom,4,1,2,7,Medium Value,0
16249.0,12,4,1440.77,360.1925,48,762,4,139,127,United Kingdom,5,3,3,11,High Value,0
16250.0,161,2,389.44,194.72,22,208,2,273,112,United Kingdom,1,1,1,3,Lower Value,1
16255.0,31,6,1797.75,299.625,122,1184,5,265,234,United Kingdom,3,4,4,11,High Value,0
16258.0,27,4,3741.0600000000004,935.2650000000001,72,2345,4,119,92,United Kingdom,4,3,5,12,High Value,0
16261.0,13,2,409.99,204.995,66,194,2,146,133,United Kingdom,5,1,1,7,Medium Value,0
16265.0,10,7,4062.02,580.2885714285715,132,1871,5,264,254,United Kingdom,5,5,5,15,Very High Value,0
16266.0,15,6,761.12,126.85333333333334,37,353,4,106,91,United Kingdom,4,4,2,10,High Value,0
16271.0,26,3,868.4300000000001,289.4766666666667,51,672,3,258,232,United Kingdom,4,3,2,9,Medium Value,0
16283.0,20,3,586.35,195.45000000000002,59,441,3,108,88,United Kingdom,4,3,2,9,Medium Value,0
16293.0,107,4,1129.74,282.435,58,513,3,267,160,United Kingdom,1,3,3,7,Medium Value,0
16303.0,15,2,4036.33,2018.165,112,2025,2,233,218,United Kingdom,4,1,5,10,High Value,0
16306.0,113,6,632.27,105.37833333333333,36,487,4,267,154,United Kingdom,1,4,2,7,Medium Value,1
16308.0,7,3,1600.0,533.3333333333334,1,5000,3,161,154,United Kingdom,5,3,4,12,High Value,0
16309.0,6,2,706.57,353.285,39,467,2,140,134,United Kingdom,5,1,2,8,Medium Value,1
16316.0,57,7,2212.81,316.11571428571426,103,1185,5,258,201,United Kingdom,2,5,4,11,High Value,0
16317.0,19,3,1341.65,447.2166666666667,64,890,3,197,178,United Kingdom,4,3,3,10,High Value,1
16320.0,72,2,1038.46,519.23,56,732,2,113,41,Unspecified,2,1,3,6,Lower Value,1
16324.0,28,3,408.59000000000003,136.1966666666667,100,270,2,77,49,United Kingdom,4,3,1,8,Medium Value,1
16325.0,55,2,416.02000000000004,208.01000000000002,11,120,2,145,90,United Kingdom,2,1,1,4,Lower Value,0
16326.0,17,7,1215.52,173.6457142857143,74,234,5,234,217,United Kingdom,4,5,3,12,High Value,0
16327.0,99,4,2469.64,617.41,119,1618,4,269,170,United Kingdom,1,3,4,8,Medium Value,0
16332.0,30,3,651.77,217.25666666666666,43,269,3,205,175,United Kingdom,3,3,2,8,Medium Value,0
16333.0,23,17,14369.2,845.2470588235294,8,23224,5,209,186,United Kingdom,4,5,5,14,Very High Value,0
16342.0,7,3,283.71000000000004,94.57000000000001,10,145,3,79,72,United Kingdom,5,3,1,9,Medium Value,0
16348.0,28,4,738.29,184.5725,116,400,3,140,112,United Kingdom,4,3,2,9,Medium Value,0
16353.0,3,13,3325.9100000000003,255.8392307692308,45,1211,7,269,266,United Kingdom,5,5,5,15,Very High Value,0
16356.0,97,3,211.77,70.59,20,93,3,177,80,United Kingdom,1,3,1,5,Lower Value,1
16357.0,62,2,257.95,128.975,9,55,2,113,51,United Kingdom,2,1,1,4,Lower Value,0
16359.0,76,6,1246.83,207.80499999999998,37,796,6,231,155,United Kingdom,2,4,3,9,Medium Value,0
16365.0,23,7,862.56,123.22285714285714,34,325,4,267,244,United Kingdom,4,5,2,11,High Value,0
16370.0,17,3,944.49,314.83,133,519,3,125,108,United Kingdom,4,3,3,10,High Value,0
16378.0,147,3,362.95,120.98333333333333,22,267,2,210,63,United Kingdom,1,3,1,5,Lower Value,1
16385.0,58,2,273.82,136.91,36,152,2,266,208,United Kingdom,2,1,1,4,Lower Value,0
16389.0,105,2,670.1700000000001,335.08500000000004,16,307,2,183,78,United Kingdom,1,1,2,4,Lower Value,0
16393.0,42,8,1503.33,187.91625,94,898,6,269,227,United Kingdom,3,5,4,12,High Value,0
16394.0,71,3,933.1,311.03333333333336,49,1404,3,189,118,United Kingdom,2,3,3,8,Medium Value,0
16395.0,68,3,964.3,321.43333333333334,87,896,2,230,162,United Kingdom,2,3,3,8,Medium Value,0
16398.0,54,2,1705.8,852.9,75,758,2,153,99,United Kingdom,3,1,4,8,Medium Value,1
16401.0,31,7,2455.42,350.7742857142857,52,2320,6,227,196,United Kingdom,3,5,4,12,High Value,0
16402.0,164,2,293.45,146.725,55,146,2,269,105,United Kingdom,1,1,1,3,Lower Value,1
16407.0,10,8,1482.3700000000001,185.29625000000001,76,746,6,212,202,United Kingdom,5,5,3,13,Very High Value,0
16409.0,50,3,1033.3700000000001,344.4566666666667,106,675,3,217,167,United Kingdom,3,3,3,9,Medium Value,0
16419.0,12,6,958.71,159.785,36,428,4,211,199,United Kingdom,5,4,3,12,High Value,1
16422.0,7,38,28566.72,751.7557894736842,68,27260,9,269,262,United Kingdom,5,5,5,15,Very High Value,0
16431.0,113,3,623.28,207.76,51,442,2,197,84,United Kingdom,1,3,2,6,Lower Value,1
16434.0,92,3,716.72,238.90666666666667,36,385,3,199,107,United Kingdom,2,3,2,7,Medium Value,0
16442.0,127,2,432.43,216.215,99,352,2,260,133,United Kingdom,1,1,1,3,Lower Value,1
16444.0,94,2,240.08,120.04,37,134,2,164,70,United Kingdom,1,1,1,3,Lower Value,0
16449.0,97,2,707.69,353.845,40,367,2,180,83,United Kingdom,1,1,2,4,Lower Value,1
16455.0,104,5,1133.78,226.756,44,612,3,271,167,United Kingdom,1,4,3,8,Medium Value,0
16456.0,3,4,1700.58,425.145,77,927,4,273,270,United Kingdom,5,3,4,12,High Value,0
16458.0,6,11,2151.5,195.5909090909091,43,1360,8,260,254,United Kingdom,5,5,4,14,Very High Value,0
16462.0,85,2,68.0,34.0,1,8,2,183,98,United Kingdom,2,1,1,4,Lower Value,0
16466.0,3,5,999.63,199.926,68,529,4,192,189,United Kingdom,5,4,3,12,High Value,0
16470.0,15,3,539.13,179.71,83,358,3,258,243,United Kingdom,4,3,1,8,Medium Value,0
16473.0,64,3,316.11,105.37,18,196,3,236,172,United Kingdom,2,3,1,6,Lower Value,1
16475.0,43,3,459.3,153.1,22,318,3,173,130,United Kingdom,3,3,1,7,Medium Value,0
16477.0,31,6,1999.26,333.21,96,1099,5,271,240,United Kingdom,3,4,4,11,High Value,0
16488.0,14,2,354.57,177.285,22,619,2,48,34,United Kingdom,4,1,1,6,Lower Value,0
16493.0,73,3,782.29,260.7633333333333,25,706,3,229,156,United Kingdom,2,3,2,7,Medium Value,0
16496.0,107,2,1185.04,592.52,71,784,2,216,109,United Kingdom,1,2,3,6,Lower Value,1
16497.0,103,5,1550.7,310.14,82,789,3,233,130,United Kingdom,1,4,4,9,Medium Value,0
16503.0,6,4,1431.93,357.9825,71,569,4,260,254,United Kingdom,5,3,3,11,High Value,1
16511.0,44,2,565.7,282.85,83,267,2,166,122,United Kingdom,3,2,2,7,Medium Value,0
16515.0,50,3,984.62,328.20666666666665,63,544,3,211,161,United Kingdom,3,3,3,9,Medium Value,0
16520.0,86,3,1046.57,348.8566666666666,129,558,3,265,179,United Kingdom,2,3,3,8,Medium Value,1
16523.0,15,12,4768.25,397.3541666666667,81,2123,7,215,200,United Kingdom,4,5,5,14,Very High Value,0
16525.0,17,20,9998.55,499.92749999999995,67,5589,9,266,249,United Kingdom,4,5,5,14,Very High Value,0
16531.0,27,4,684.53,171.1325,41,567,4,260,233,United Kingdom,4,3,2,9,Medium Value,0
16532.0,35,2,4516.8,2258.4,2,1536,2,238,203,United Kingdom,3,2,5,10,High Value,0
16539.0,119,3,1053.61,351.2033333333333,34,421,2,273,154,United Kingdom,1,3,3,7,Medium Value,1
16546.0,190,2,787.15,393.575,25,549,2,272,82,United Kingdom,1,2,2,5,Lower Value,1
16549.0,24,2,780.36,390.18,131,513,2,234,210,United Kingdom,4,2,2,8,Medium Value,0
16550.0,8,5,2298.97,459.794,162,1540,4,268,260,United Kingdom,5,4,4,13,Very High Value,1
16551.0,30,2,617.17,308.585,19,597,2,236,206,United Kingdom,3,2,2,7,Medium Value,0
16552.0,142,2,379.73,189.865,17,219,2,273,131,United Kingdom,1,2,1,4,Lower Value,1
16553.0,63,12,5719.82,476.65166666666664,62,4600,6,260,197,United Kingdom,2,5,5,12,High Value,1
16554.0,122,2,314.11,157.055,21,129,2,231,109,United Kingdom,1,2,1,4,Lower Value,0
16556.0,5,6,2556.37,426.06166666666667,111,1342,6,260,255,United Kingdom,5,4,4,13,Very High Value,0
16558.0,21,13,4362.4,335.5692307692307,158,3008,9,266,245,United Kingdom,4,5,5,14,Very High Value,0
16566.0,70,3,463.88,154.62666666666667,9,216,3,192,122,United Kingdom,2,3,1,6,Lower Value,0
16567.0,94,2,865.6,432.8,34,996,2,236,142,United Kingdom,1,2,2,5,Lower Value,1
16570.0,27,6,2134.07,355.67833333333334,52,1427,5,211,184,United Kingdom,4,4,4,12,High Value,0
16571.0,76,2,896.79,448.395,54,891,2,181,105,United Kingdom,2,2,3,7,Medium Value,0
16572.0,27,3,1009.6,336.53333333333336,40,532,3,175,148,United Kingdom,4,3,3,10,High Value,1
16589.0,6,2,214.68,107.34,13,156,2,61,55,United Kingdom,5,2,1,8,Medium Value,0
16592.0,36,10,2214.33,221.433,102,1785,5,187,151,United Kingdom,3,5,4,12,High Value,0
16593.0,89,2,255.5,127.75,20,85,2,227,138,United Kingdom,2,2,1,5,Lower Value,0
16600.0,153,2,237.46,118.73,18,368,2,238,85,United Kingdom,1,2,1,4,Lower Value,0
16607.0,28,10,2267.58,226.75799999999998,94,2070,7,258,230,United Kingdom,4,5,4,13,Very High Value,0
16609.0,35,5,2710.04,542.008,103,1245,3,152,117,United Kingdom,3,4,5,12,High Value,0
16612.0,19,3,870.3000000000001,290.1,42,394,3,211,192,United Kingdom,4,3,2,9,Medium Value,0
16618.0,110,4,1441.29,360.3225,44,771,3,222,112,United Kingdom,1,3,3,7,Medium Value,0
16621.0,47,3,609.41,203.13666666666666,17,187,3,177,130,United Kingdom,3,3,2,8,Medium Value,0
16626.0,13,7,2165.34,309.3342857142857,74,1108,4,166,153,United Kingdom,5,5,4,14,Very High Value,0
16628.0,6,4,1619.8400000000001,404.96000000000004,64,844,4,134,128,United Kingdom,5,3,4,12,High Value,0
16633.0,14,3,1168.26,389.42,51,463,3,134,120,United Kingdom,4,3,3,10,High Value,0
16634.0,122,2,217.9,108.95,9,82,2,272,150,United Kingdom,1,2,1,4,Lower Value,1
16637.0,23,2,530.55,265.275,29,351,2,125,102,United Kingdom,4,2,1,7,Medium Value,0
16638.0,6,8,1429.71,178.71375,78,1010,5,268,262,United Kingdom,5,5,3,13,Very High Value,0
16644.0,77,2,833.78,416.89,62,826,2,112,35,United Kingdom,2,2,2,6,Lower Value,1
16647.0,69,2,214.06,107.03,12,146,2,104,35,United Kingdom,2,2,1,5,Lower Value,1
16652.0,9,5,4525.87,905.174,53,2077,4,173,164,United Kingdom,5,4,5,14,Very High Value,0
16654.0,41,4,601.27,150.3175,29,282,4,268,227,United Kingdom,3,3,2,8,Medium Value,1
16655.0,31,3,1867.19,622.3966666666666,125,1033,3,231,200,United Kingdom,3,3,4,10,High Value,0
16656.0,20,10,6257.0,625.7,13,6278,8,264,244,United Kingdom,4,5,5,14,Very High Value,0
16657.0,48,2,414.79,207.395,111,597,2,154,106,United Kingdom,3,2,1,6,Lower Value,0
16660.0,110,2,384.36,192.18,5,228,2,219,109,United Kingdom,1,2,1,4,Lower Value,0
16668.0,16,5,266.52,53.303999999999995,9,258,5,184,168,United Kingdom,4,4,1,9,Medium Value,0
16670.0,6,8,3239.9700000000003,404.99625000000003,150,2152,6,258,252,United Kingdom,5,5,5,15,Very High Value,0
16672.0,12,16,6303.74,393.98375,22,2252,6,166,154,United Kingdom,5,5,5,15,Very High Value,0
16676.0,113,3,1098.5,366.1666666666667,58,412,3,237,124,United Kingdom,1,3,3,7,Medium Value,0
16678.0,19,7,1830.34,261.47714285714284,74,1370,5,182,163,United Kingdom,4,5,4,13,Very High Value,0
16681.0,44,4,1332.68,333.17,15,1050,4,153,109,United Kingdom,3,3,3,9,Medium Value,0
16684.0,33,18,33883.5,1882.4166666666667,88,24485,6,258,225,United Kingdom,3,5,5,13,Very High Value,0
16686.0,3,5,1998.65,399.73,281,1486,5,255,252,United Kingdom,5,4,4,13,Very High Value,0
16692.0,156,2,1276.0,638.0,2,152,2,189,33,United Kingdom,1,2,3,6,Lower Value,1
16696.0,35,4,657.9,164.475,7,146,3,148,113,United Kingdom,3,3,2,8,Medium Value,1
16700.0,21,10,4095.9500000000003,409.595,142,3240,9,266,245,United Kingdom,4,5,5,14,Very High Value,0
16701.0,29,10,4050.42,405.04200000000003,80,4958,8,261,232,United Kingdom,3,5,5,13,Very High Value,0
16705.0,44,9,8194.43,910.4922222222223,81,3489,5,258,214,United Kingdom,3,5,5,13,Very High Value,0
16709.0,99,4,1984.5900000000001,496.14750000000004,42,521,3,181,82,United Kingdom,1,3,4,8,Medium Value,0
16710.0,38,7,1835.08,262.1542857142857,215,1385,4,268,230,United Kingdom,3,5,4,12,High Value,0
16711.0,40,3,909.87,303.29,9,253,3,257,217,United Kingdom,3,3,3,9,Medium Value,0
16712.0,8,7,2010.91,287.27285714285716,147,1001,4,176,168,United Kingdom,5,5,4,14,Very High Value,0
16713.0,15,11,3970.77,360.9790909090909,237,2144,7,266,251,United Kingdom,4,5,5,14,Very High Value,0
16714.0,118,3,1129.06,376.3533333333333,77,589,2,217,99,United Kingdom,1,3,3,7,Medium Value,1
16716.0,166,2,901.2,450.6,1,120,2,211,45,United Kingdom,1,2,3,6,Lower Value,1
16717.0,62,3,1136.16,378.72,61,516,2,266,204,United Kingdom,2,3,3,8,Medium Value,0
16719.0,48,5,1283.8799999999999,256.77599999999995,85,737,5,268,220,United Kingdom,3,4,3,10,High Value,0
16722.0,6,9,3234.5,359.3888888888889,79,3302,7,268,262,United Kingdom,5,5,5,15,Very High Value,0
16725.0,202,7,758.27,108.32428571428571,110,288,3,271,69,United Kingdom,1,5,2,8,Medium Value,1
16726.0,96,4,777.16,194.29,71,512,3,261,165,United Kingdom,1,3,2,6,Lower Value,0
16728.0,66,3,548.31,182.76999999999998,113,320,3,164,98,United Kingdom,2,3,2,7,Medium Value,0
16729.0,14,16,4996.29,312.268125,135,3689,5,141,127,United Kingdom,4,5,5,14,Very High Value,0
16730.0,134,2,480.94,240.47,35,750,2,219,85,United Kingdom,1,2,1,4,Lower Value,0
16735.0,139,2,1044.77,522.385,47,648,2,234,95,United Kingdom,1,2,3,6,Lower Value,0
16743.0,13,6,1860.9,310.15000000000003,82,1666,5,258,245,United Kingdom,5,4,4,13,Very High Value,0
16745.0,19,15,5897.33,393.1553333333333,136,5202,7,211,192,United Kingdom,4,5,5,14,Very High Value,0
16746.0,0,12,4403.53,366.9608333333333,174,2575,8,258,258,United Kingdom,5,5,5,15,Very High Value,0
16748.0,117,3,910.2,303.40000000000003,27,492,3,234,117,United Kingdom,1,3,3,7,Medium Value,0
16750.0,21,3,416.12,138.70666666666668,44,138,3,132,111,United Kingdom,4,3,1,8,Medium Value,0
16755.0,14,3,1475.43,491.81,133,1058,3,215,201,United Kingdom,4,3,3,10,High Value,1
16767.0,13,6,4229.32,704.8866666666667,126,3433,6,216,203,United Kingdom,5,4,5,14,Very High Value,0
16768.0,3,2,286.49,143.245,40,88,2,171,168,United Kingdom,5,2,1,8,Medium Value,0
16770.0,136,4,649.38,162.345,82,365,3,272,136,United Kingdom,1,3,2,6,Lower Value,0
16771.0,175,3,1651.75,550.5833333333334,154,1050,3,238,63,United Kingdom,1,3,4,8,Medium Value,0
16774.0,16,3,542.2,180.73333333333335,20,226,3,78,62,United Kingdom,4,3,1,8,Medium Value,0
16775.0,22,8,1174.55,146.81875,65,283,7,267,245,United Kingdom,4,5,3,12,High Value,0
16779.0,6,15,6376.7300000000005,425.11533333333335,130,3590,9,266,260,United Kingdom,5,5,5,15,Very High Value,0
16780.0,0,2,422.24,211.12,51,270,2,159,159,United Kingdom,5,2,1,8,Medium Value,1
16782.0,38,9,1630.4,181.15555555555557,89,501,6,265,227,United Kingdom,3,5,4,12,High Value,0
16788.0,23,2,594.39,297.195,138,304,2,154,131,United Kingdom,4,2,2,8,Medium Value,1
16791.0,22,5,791.87,158.374,111,335,4,232,210,United Kingdom,4,4,2,10,High Value,0
16794.0,8,4,607.05,151.7625,100,617,3,80,72,United Kingdom,5,3,2,10,High Value,0
16801.0,63,4,1594.23,398.5575,72,493,3,173,110,United Kingdom,2,3,4,9,Medium Value,1
16805.0,73,2,460.59000000000003,230.29500000000002,94,539,2,260,187,United Kingdom,2,2,1,5,Lower Value,1
16806.0,3,4,762.16,190.54,68,356,4,139,136,United Kingdom,5,3,2,10,High Value,1
16807.0,42,3,1121.59,373.8633333333333,57,778,3,170,128,United Kingdom,3,3,3,9,Medium Value,1
16809.0,36,3,470.69,156.89666666666668,61,371,3,162,126,United Kingdom,3,3,1,7,Medium Value,0
16813.0,13,6,1029.36,171.55999999999997,187,1092,4,104,91,United Kingdom,5,4,3,12,High Value,0
16814.0,8,16,5131.6900000000005,320.73062500000003,110,2129,9,269,261,United Kingdom,5,5,5,15,Very High Value,0
16816.0,3,4,417.06,104.265,28,274,4,258,255,United Kingdom,5,3,1,9,Medium Value,1
16817.0,85,7,1179.43,168.49,52,574,5,268,183,United Kingdom,2,5,3,10,High Value,0
16818.0,6,8,2102.4,262.8,110,1246,4,105,99,United Kingdom,5,5,4,14,Very High Value,0
16832.0,84,3,199.15,66.38333333333334,11,33,2,117,33,United Kingdom,2,3,1,6,Lower Value,1
16833.0,159,3,671.2900000000001,223.76333333333335,32,306,2,234,75,United Kingdom,1,3,2,6,Lower Value,1
16835.0,28,2,180.85,90.425,10,61,2,273,245,United Kingdom,4,2,1,7,Medium Value,1
16837.0,57,9,1911.74,212.41555555555556,77,727,3,145,88,United Kingdom,2,5,4,11,High Value,0
16838.0,97,2,588.85,294.425,24,185,2,188,91,United Kingdom,1,2,2,5,Lower Value,1
16839.0,9,22,10869.28,494.0581818181818,97,5724,8,269,260,United Kingdom,5,5,5,15,Very High Value,0
16841.0,37,5,1561.06,312.212,89,1878,4,187,150,United Kingdom,3,4,4,11,High Value,0
16842.0,0,3,1264.19,421.3966666666667,45,693,3,202,202,United Kingdom,5,3,3,11,High Value,1
16843.0,34,11,7371.6,670.1454545454545,170,6730,6,227,193,United Kingdom,3,5,5,13,Very High Value,0
16859.0,44,2,747.81,373.905,50,827,2,161,117,United Kingdom,3,2,2,7,Medium Value,1
16871.0,110,4,2037.82,509.455,104,861,2,170,60,United Kingdom,1,4,4,9,Medium Value,0
16872.0,5,2,464.68000000000006,232.34000000000003,3,454,2,84,79,United Kingdom,5,2,1,8,Medium Value,0
16873.0,27,4,3871.47,967.8675,97,2055,4,264,237,United Kingdom,4,4,5,13,Very High Value,0
16875.0,44,4,1138.2,284.55,53,488,3,239,195,United Kingdom,3,4,3,10,High Value,0
16877.0,52,2,188.98,94.49,46,104,2,108,56,United Kingdom,3,2,1,6,Lower Value,0
16880.0,26,5,841.01,168.202,82,478,3,89,63,United Kingdom,4,4,2,10,High Value,0
16882.0,139,2,215.70000000000002,107.85000000000001,15,102,2,217,78,United Kingdom,1,2,1,4,Lower Value,0
16883.0,87,2,272.48,136.24,33,103,2,271,184,United Kingdom,2,2,1,5,Lower Value,1
16889.0,94,3,1578.67,526.2233333333334,112,925,3,236,142,United Kingdom,1,3,4,8,Medium Value,1
16891.0,41,2,393.57,196.785,93,146,2,271,230,United Kingdom,3,2,1,6,Lower Value,0
16898.0,77,2,313.77,156.885,99,244,2,268,191,United Kingdom,2,2,1,5,Lower Value,0
16899.0,49,3,510.18,170.06,58,225,3,260,211,United Kingdom,3,3,1,7,Medium Value,0
16904.0,8,13,2933.55,225.65769230769232,334,1601,8,267,259,United Kingdom,5,5,5,15,Very High Value,0
16905.0,136,3,822.1800000000001,274.06,44,260,3,271,135,United Kingdom,1,3,2,6,Lower Value,0
16906.0,86,3,392.99,130.99666666666667,33,183,3,148,62,United Kingdom,2,3,1,6,Lower Value,0
16907.0,48,4,658.99,164.7475,74,217,4,265,217,United Kingdom,3,4,2,9,Medium Value,0
16912.0,34,7,1538.5800000000002,219.7971428571429,50,585,4,223,189,United Kingdom,3,5,4,12,High Value,0
16915.0,27,4,382.39000000000004,95.59750000000001,29,59,4,183,156,United Kingdom,4,4,1,9,Medium Value,0
16918.0,59,2,523.03,261.515,49,331,2,217,158,United Kingdom,2,2,1,5,Lower Value,0
16919.0,56,11,2592.25,235.6590909090909,141,1403,5,268,212,United Kingdom,2,5,4,11,High Value,1
16923.0,52,13,4242.42,326.34000000000003,202,1937,7,262,210,United Kingdom,3,5,5,13,Very High Value,0
16927.0,15,3,543.05,181.01666666666665,5,993,3,261,246,United Kingdom,4,3,1,8,Medium Value,1
16928.0,1,14,2171.35,155.09642857142856,66,1609,8,273,272,United Kingdom,5,5,4,14,Very High Value,0
16931.0,3,14,2897.33,206.95214285714286,345,1967,9,269,266,United Kingdom,5,5,5,15,Very High Value,0
16938.0,79,3,2386.05,795.35,205,2318,2,208,129,United Kingdom,2,3,4,9,Medium Value,1
16940.0,69,2,1868.3600000000001,934.1800000000001,162,1236,2,189,120,United Kingdom,2,2,4,8,Medium Value,0
16942.0,36,7,1439.44,205.6342857142857,115,593,4,127,91,United Kingdom,3,5,3,11,High Value,0
16943.0,111,3,816.73,272.24333333333334,23,145,3,218,107,United Kingdom,1,3,2,6,Lower Value,1
16945.0,13,12,2705.21,225.43416666666667,95,1787,7,258,245,United Kingdom,5,5,5,15,Very High Value,0
16948.0,38,3,435.02,145.00666666666666,15,1614,3,225,187,United Kingdom,3,3,1,7,Medium Value,1
16949.0,85,4,893.75,223.4375,32,386,4,216,131,United Kingdom,2,4,3,9,Medium Value,0
16950.0,24,2,778.41,389.205,26,337,2,267,243,United Kingdom,4,2,2,8,Medium Value,0
16951.0,34,3,1277.75,425.9166666666667,73,1318,2,204,170,United Kingdom,3,3,3,9,Medium Value,1
16954.0,24,4,1245.3799999999999,311.34499999999997,34,744,3,259,235,United Kingdom,4,4,3,11,High Value,0
16955.0,84,4,518.67,129.6675,18,266,3,273,189,United Kingdom,2,4,1,7,Medium Value,1
16957.0,139,2,416.64,208.32,15,172,2,181,42,United Kingdom,1,2,1,4,Lower Value,1
16966.0,70,4,1486.56,371.64,8,1320,3,140,70,United Kingdom,2,4,3,9,Medium Value,0
16969.0,34,2,478.96,239.48,32,740,2,91,57,United Kingdom,3,2,1,6,Lower Value,0
16979.0,47,2,555.65,277.825,19,135,2,197,150,United Kingdom,3,2,2,7,Medium Value,0
16980.0,155,2,1028.46,514.23,71,739,2,191,36,United Kingdom,1,2,3,6,Lower Value,1
16983.0,80,4,885.22,221.305,54,534,4,269,189,United Kingdom,2,4,3,9,Medium Value,0
16985.0,57,7,3578.54,511.21999999999997,50,1287,5,258,201,United Kingdom,2,5,5,12,High Value,0
16987.0,70,3,629.45,209.8166666666667,29,103,2,105,35,United Kingdom,2,3,2,7,Medium Value,0
16992.0,99,2,671.15,335.575,41,356,2,184,85,United Kingdom,1,2,2,5,Lower Value,0
16996.0,21,5,1041.78,208.356,11,390,4,253,232,United Kingdom,4,4,3,11,High Value,0
16997.0,188,3,702.0,234.0,7,360,2,225,37,United Kingdom,1,3,2,6,Lower Value,1
16998.0,49,4,295.0,73.75,1,76,3,204,155,United Kingdom,3,4,1,8,Medium Value,1
17001.0,13,7,2471.09,353.0128571428572,59,1342,7,258,245,United Kingdom,5,5,4,14,Very High Value,0
17002.0,115,2,993.52,496.76,24,422,2,190,75,United Kingdom,1,2,3,6,Lower Value,0
17007.0,55,5,575.44,115.08800000000001,33,346,3,257,202,United Kingdom,2,4,2,8,Medium Value,0
17017.0,62,14,5431.28,387.9485714285714,81,4311,6,272,210,United Kingdom,2,5,5,12,High Value,0
17019.0,161,3,995.93,331.97666666666663,114,658,3,268,107,United Kingdom,1,3,3,7,Medium Value,0
17026.0,85,2,154.83,77.415,4,97,2,269,184,United Kingdom,2,2,1,5,Lower Value,1
17027.0,79,4,645.23,161.3075,95,284,4,217,138,United Kingdom,2,4,2,8,Medium Value,0
17029.0,10,2,716.0,358.0,1,400,2,136,126,United Kingdom,5,2,2,9,Medium Value,1
17033.0,114,2,608.1,304.05,12,190,2,259,145,United Kingdom,1,2,2,5,Lower Value,0
17035.0,145,2,433.53000000000003,216.76500000000001,27,229,2,211,66,United Kingdom,1,2,1,4,Lower Value,1
17041.0,8,2,750.89,375.445,45,539,2,260,252,United Kingdom,5,2,2,9,Medium Value,0
17042.0,21,4,915.02,228.755,69,888,4,147,126,United Kingdom,4,4,3,11,High Value,1
17043.0,78,2,324.96999999999997,162.48499999999999,27,357,2,166,88,United Kingdom,2,2,1,5,Lower Value,0
17045.0,13,3,339.44,113.14666666666666,20,106,3,147,134,United Kingdom,5,3,1,9,Medium Value,1
17048.0,17,3,925.35,308.45,41,485,3,231,214,United Kingdom,4,3,3,10,High Value,1
17049.0,17,5,2606.65,521.33,105,1083,4,175,158,United Kingdom,4,4,4,12,High Value,0
17050.0,87,5,2617.39,523.478,164,1334,4,199,112,United Kingdom,2,4,4,10,High Value,0
17054.0,37,4,1207.32,301.83,58,739,3,145,108,United Kingdom,3,4,3,10,High Value,0
17058.0,99,2,819.6600000000001,409.83000000000004,42,455,2,139,40,United Kingdom,1,2,2,5,Lower Value,0
17059.0,10,4,2237.1,559.275,232,1279,4,269,259,United Kingdom,5,4,4,13,Very High Value,0
17061.0,10,10,4658.83,465.883,48,1408,5,132,122,United Kingdom,5,5,5,15,Very High Value,0
17062.0,213,4,533.33,133.3325,52,418,2,269,56,United Kingdom,1,4,1,6,Lower Value,1
17063.0,63,4,671.87,167.9675,35,309,2,189,126,United Kingdom,2,4,2,8,Medium Value,0
17064.0,82,2,457.40000000000003,228.70000000000002,36,187,2,227,145,United Kingdom,2,2,1,5,Lower Value,0
17068.0,10,15,3281.4900000000002,218.76600000000002,89,1508,8,268,258,United Kingdom,5,5,5,15,Very High Value,0
17069.0,55,5,1495.79,299.158,68,712,3,273,218,United Kingdom,2,4,4,10,High Value,0
17071.0,34,6,1402.42,233.73666666666668,65,622,5,209,175,United Kingdom,3,4,3,10,High Value,0
17075.0,153,3,696.07,232.02333333333334,49,241,3,217,64,United Kingdom,1,3,2,6,Lower Value,0
17076.0,173,2,334.2,167.1,11,112,2,264,91,United Kingdom,1,2,1,4,Lower Value,0
17083.0,9,3,1405.78,468.5933333333333,24,772,2,203,194,United Kingdom,5,3,3,11,High Value,1
17085.0,23,5,1562.4,312.48,115,785,4,262,239,United Kingdom,4,4,4,12,High Value,1
17088.0,82,2,1399.1100000000001,699.5550000000001,72,525,2,153,71,United Kingdom,2,2,3,7,Medium Value,0
17090.0,127,3,649.05,216.35,13,313,3,254,127,United Kingdom,1,3,2,6,Lower Value,0
17091.0,85,5,1994.41,398.882,94,1013,4,267,182,United Kingdom,2,4,4,10,High Value,0
17092.0,26,2,629.32,314.66,42,390,2,177,151,United Kingdom,4,2,2,8,Medium Value,0
17095.0,199,2,543.96,271.98,33,234,2,234,35,United Kingdom,1,2,1,4,Lower Value,0
17096.0,43,2,443.94,221.97,22,178,2,161,118,United Kingdom,3,2,1,6,Lower Value,0
17097.0,0,6,639.53,106.58833333333332,103,250,3,265,265,Spain,5,4,2,11,High Value,0
17105.0,59,2,665.78,332.89,80,693,2,206,147,United Kingdom,2,2,2,6,Lower Value,1
17107.0,55,3,6332.61,2110.87,179,2431,3,178,123,United Kingdom,2,3,5,10,High Value,0
17114.0,38,6,601.9399999999999,100.32333333333332,66,156,6,234,196,United Kingdom,3,4,2,9,Medium Value,0
17115.0,82,2,612.82,306.41,28,260,2,133,51,United Kingdom,2,2,2,6,Lower Value,1
17126.0,52,5,989.45,197.89000000000001,187,780,3,262,210,United Kingdom,3,4,3,10,High Value,1
17133.0,90,3,2478.79,826.2633333333333,9,1125,3,166,76,United Kingdom,2,3,4,9,Medium Value,0
17134.0,6,2,413.2,206.6,21,98,2,164,158,United Kingdom,5,2,1,8,Medium Value,1
17135.0,189,2,500.55,250.275,19,420,2,271,82,United Kingdom,1,2,1,4,Lower Value,0
17139.0,22,7,6851.82,978.8314285714285,208,3200,5,188,166,United Kingdom,4,5,5,14,Very High Value,0
17146.0,5,3,749.78,249.92666666666665,33,212,3,258,253,United Kingdom,5,3,2,10,High Value,1
17147.0,106,2,973.11,486.555,42,517,2,211,105,United Kingdom,1,2,3,6,Lower Value,0
17152.0,94,3,1689.5,563.1666666666666,9,517,2,163,69,United Kingdom,1,3,4,8,Medium Value,1
17158.0,132,2,698.5500000000001,349.27500000000003,36,461,2,260,128,United Kingdom,1,2,2,5,Lower Value,0
17160.0,9,5,3001.18,600.236,85,2417,3,141,132,United Kingdom,5,4,5,14,Very High Value,0
17162.0,31,9,1463.66,162.6288888888889,75,865,5,205,174,United Kingdom,3,5,3,11,High Value,0
17164.0,51,3,1270.42,423.47333333333336,53,802,3,173,122,United Kingdom,3,3,3,9,Medium Value,0
17175.0,41,3,1132.63,377.54333333333335,42,644,3,196,155,United Kingdom,3,3,3,9,Medium Value,0
17179.0,78,3,711.79,237.26333333333332,56,290,3,261,183,United Kingdom,2,3,2,7,Medium Value,1
17180.0,141,3,552.8,184.26666666666665,77,516,2,216,75,United Kingdom,1,3,2,6,Lower Value,0
17188.0,64,5,1815.09,363.018,51,971,3,262,198,United Kingdom,2,4,4,10,High Value,0
17189.0,6,2,383.75,191.875,52,226,2,259,253,United Kingdom,5,2,1,8,Medium Value,1
17191.0,91,5,1175.7,235.14000000000001,111,639,3,268,177,United Kingdom,2,4,3,9,Medium Value,0
17194.0,173,2,262.62,131.31,26,119,2,260,87,United Kingdom,1,2,1,4,Lower Value,1
17204.0,75,4,1564.56,391.14,44,646,3,163,88,United Kingdom,2,4,4,10,High Value,1
17211.0,80,6,1464.89,244.14833333333334,106,793,4,269,189,United Kingdom,2,4,3,9,Medium Value,0
17213.0,41,5,1780.01,356.002,67,758,3,266,225,United Kingdom,3,4,4,11,High Value,0
17214.0,149,4,611.97,152.9925,56,177,3,259,110,United Kingdom,1,4,2,7,Medium Value,0
17218.0,114,5,943.58,188.716,85,394,3,268,154,United Kingdom,1,4,3,8,Medium Value,0
17220.0,26,8,2165.5,270.6875,226,1199,6,264,238,United Kingdom,4,5,4,13,Very High Value,0
17223.0,210,2,416.89,208.445,43,110,2,268,58,United Kingdom,1,2,1,4,Lower Value,1
17227.0,72,3,473.75,157.91666666666666,17,296,3,268,196,United Kingdom,2,3,1,6,Lower Value,0
17228.0,107,4,687.58,171.895,69,611,3,272,165,United Kingdom,1,4,2,7,Medium Value,0
17230.0,164,8,3638.41,454.80125,51,1651,3,259,95,United Kingdom,1,5,5,11,High Value,1
17231.0,26,7,1905.82,272.26,209,1033,7,261,235,United Kingdom,4,5,4,13,Very High Value,0
17236.0,79,5,697.73,139.546,62,400,5,262,183,United Kingdom,2,4,2,8,Medium Value,0
17238.0,36,11,1943.57,176.68818181818182,212,898,6,271,235,United Kingdom,3,5,4,12,High Value,0
17242.0,8,2,1135.04,567.52,30,611,2,80,72,United Kingdom,5,2,3,10,High Value,1
17243.0,13,15,3909.27,260.618,118,1378,8,269,256,United Kingdom,5,5,5,15,Very High Value,0
17252.0,16,2,348.90999999999997,174.45499999999998,86,192,2,86,70,United Kingdom,4,2,1,7,Medium Value,1
17256.0,7,2,240.0,120.0,12,141,2,212,205,United Kingdom,5,2,1,8,Medium Value,1
17259.0,48,2,581.23,290.615,104,388,2,268,220,United Kingdom,3,2,2,7,Medium Value,1
17262.0,127,4,955.3600000000001,238.84000000000003,7,327,3,266,139,United Kingdom,1,4,3,8,Medium Value,0
17265.0,38,2,550.01,275.005,106,389,2,80,42,United Kingdom,3,2,2,7,Medium Value,1
17268.0,7,4,763.64,190.91,3,844,3,145,138,United Kingdom,5,4,2,11,High Value,1
17272.0,99,2,1409.44,704.72,59,1161,2,162,63,United Kingdom,1,2,3,6,Lower Value,0
17277.0,127,2,1065.3500000000001,532.6750000000001,67,430,2,222,95,United Kingdom,1,2,3,6,Lower Value,1
17282.0,30,3,1685.46,561.82,79,1866,3,199,169,United Kingdom,3,3,4,10,High Value,1
17284.0,20,5,1489.04,297.808,219,1238,4,236,216,United Kingdom,4,4,4,12,High Value,0
17287.0,43,5,702.41,140.482,61,350,4,272,229,United Kingdom,3,4,2,9,Medium Value,0
17288.0,107,5,663.7,132.74,13,662,5,258,151,United Kingdom,1,4,2,7,Medium Value,0
17293.0,19,5,867.03,173.406,45,517,4,261,242,United Kingdom,4,4,2,10,High Value,0
17299.0,0,2,268.19,134.095,24,280,2,73,73,United Kingdom,5,2,1,8,Medium Value,0
17302.0,22,3,661.61,220.53666666666666,48,345,3,205,183,United Kingdom,4,3,2,9,Medium Value,0
17306.0,28,14,6123.32,437.38,9,8412,8,253,225,United Kingdom,4,5,5,14,Very High Value,0
17314.0,48,5,1506.92,301.384,57,1018,5,212,164,United Kingdom,3,4,4,11,High Value,0
17315.0,0,30,4368.09,145.603,233,2998,9,257,257,United Kingdom,5,5,5,15,Very High Value,0
17320.0,0,3,1200.6200000000001,400.2066666666667,57,634,3,268,268,United Kingdom,5,3,3,11,High Value,1
17323.0,24,4,530.95,132.7375,98,495,4,192,168,United Kingdom,4,4,1,9,Medium Value,0
17324.0,231,2,702.23,351.115,17,606,2,266,35,United Kingdom,1,2,2,5,Lower Value,0
17337.0,51,4,1981.06,495.265,421,1247,4,210,159,United Kingdom,3,4,4,11,High Value,1
17338.0,14,7,5163.92,737.7028571428572,320,2339,7,261,247,United Kingdom,4,5,5,14,Very High Value,0
17340.0,20,7,7593.650000000001,1084.807142857143,157,4008,5,266,246,United Kingdom,4,5,5,14,Very High Value,0
17341.0,56,3,682.29,227.42999999999998,147,443,2,266,210,United Kingdom,2,3,2,7,Medium Value,1
17346.0,3,8,1228.78,153.5975,170,923,6,273,270,United Kingdom,5,5,3,13,Very High Value,0
17351.0,69,2,427.3,213.65,17,92,2,173,104,United Kingdom,2,2,1,5,Lower Value,0
17358.0,203,2,360.81,180.405,55,190,2,255,52,United Kingdom,1,2,1,4,Lower Value,1
17361.0,86,2,263.92,131.96,16,63,2,191,105,United Kingdom,2,2,1,5,Lower Value,0
17362.0,139,2,312.23,156.115,30,191,2,209,70,United Kingdom,1,2,1,4,Lower Value,1
17364.0,37,6,2617.41,436.23499999999996,153,1494,5,231,194,United Kingdom,3,4,5,12,High Value,0
17365.0,69,5,2336.81,467.36199999999997,172,2534,4,232,163,United Kingdom,2,4,4,10,High Value,0
17368.0,73,5,1584.27,316.854,53,1276,3,237,164,United Kingdom,2,4,4,10,High Value,0
17372.0,66,6,1055.63,175.93833333333336,177,592,4,262,196,United Kingdom,2,4,3,9,Medium Value,0
17373.0,34,2,287.3,143.65,26,200,2,212,178,United Kingdom,3,2,1,6,Lower Value,0
17374.0,118,2,495.77,247.885,24,85,2,181,63,United Kingdom,1,2,1,4,Lower Value,1
17375.0,99,3,400.1,133.36666666666667,63,367,3,261,162,United Kingdom,1,3,1,5,Lower Value,1
17377.0,26,9,2040.34,226.70444444444445,91,1082,5,273,247,United Kingdom,4,5,4,13,Very High Value,0
17381.0,19,23,16875.65,733.7239130434783,40,21483,9,272,253,United Kingdom,4,5,5,14,Very High Value,0
17386.0,13,3,1541.4,513.8000000000001,6,876,2,65,52,United Kingdom,5,3,4,12,High Value,0
17388.0,31,3,953.0300000000001,317.6766666666667,12,779,3,187,156,United Kingdom,3,3,3,9,Medium Value,0
17389.0,21,24,8912.78,371.36583333333334,37,1888,8,231,210,United Kingdom,4,5,5,14,Very High Value,0
17392.0,206,2,417.27,208.635,53,277,2,258,52,United Kingdom,1,2,1,4,Lower Value,1
17396.0,48,6,4801.8,800.3000000000001,18,1105,2,271,223,United Kingdom,3,4,5,12,High Value,0
17398.0,14,3,653.38,217.79333333333332,30,310,3,155,141,United Kingdom,4,3,2,9,Medium Value,1
17400.0,26,5,2097.84,419.56800000000004,175,1088,4,253,227,United Kingdom,4,4,4,12,High Value,1
17402.0,1,8,1732.45,216.55625,29,420,5,269,268,United Kingdom,5,5,4,14,Very High Value,0
17404.0,23,10,21004.3,2100.43,93,21623,6,260,237,Sweden,4,5,5,14,Very High Value,0
17406.0,233,3,2184.42,728.14,99,780,2,266,33,United Kingdom,1,3,4,8,Medium Value,1
17409.0,84,2,771.85,385.925,13,105,2,148,64,United Kingdom,2,2,2,6,Lower Value,1
17412.0,96,4,709.82,177.455,30,358,3,272,176,United Kingdom,1,4,2,7,Medium Value,0
17416.0,9,5,5294.49,1058.898,153,3283,4,181,172,United Kingdom,5,4,5,14,Very High Value,0
17419.0,43,8,2660.0,332.5,107,1213,6,267,224,United Kingdom,3,5,5,13,Very High Value,0
17420.0,71,2,391.51,195.755,19,169,2,273,202,United Kingdom,2,2,1,5,Lower Value,0
17422.0,42,4,1296.18,324.045,77,1356,4,196,154,United Kingdom,3,4,3,10,High Value,0
17426.0,75,3,3279.23,1093.0766666666666,137,1841,2,182,107,United Kingdom,2,3,5,10,High Value,0
17428.0,10,20,10661.09,533.0545,205,6739,9,268,258,United Kingdom,5,5,5,15,Very High Value,0
17429.0,28,3,524.9200000000001,174.97333333333336,36,624,3,118,90,United Kingdom,4,3,1,8,Medium Value,1
17440.0,56,3,186.42000000000002,62.14000000000001,3,246,2,147,91,United Kingdom,2,3,1,6,Lower Value,1
17442.0,21,4,1590.45,397.6125,77,1013,4,190,169,United Kingdom,4,4,4,12,High Value,0
17446.0,76,2,120.89999999999999,60.449999999999996,6,198,2,210,134,United Kingdom,2,2,1,5,Lower Value,1
17449.0,134,3,1322.69,440.8966666666667,118,606,3,259,125,United Kingdom,1,3,3,7,Medium Value,0
17450.0,8,22,85610.34,3891.379090909091,107,31872,8,267,259,United Kingdom,5,5,5,15,Very High Value,0
17454.0,92,4,517.53,129.3825,57,243,4,259,167,United Kingdom,2,4,1,7,Medium Value,1
17457.0,26,5,1737.7,347.54,14,826,5,239,213,United Kingdom,4,4,4,12,High Value,1
17460.0,125,5,462.58000000000004,92.516,14,177,4,273,148,United Kingdom,1,4,1,6,Lower Value,0
17463.0,76,3,1227.59,409.19666666666666,103,718,3,213,137,United Kingdom,2,3,3,8,Medium Value,0
17469.0,8,3,1050.27,350.09,44,443,3,104,96,United Kingdom,5,3,3,11,High Value,0
17470.0,27,4,816.47,204.1175,54,1275,4,267,240,United Kingdom,4,4,2,10,High Value,0
17472.0,91,3,697.54,232.51333333333332,142,455,2,199,108,United Kingdom,2,3,2,7,Medium Value,1
17483.0,34,2,274.74,137.37,13,98,2,83,49,United Kingdom,3,2,1,6,Lower Value,0
17491.0,33,5,1660.31,332.062,50,1034,5,267,234,United Kingdom,3,4,4,11,High Value,0
17504.0,106,9,2997.03,333.00333333333333,112,1664,4,222,116,United Kingdom,1,5,5,11,High Value,1
17505.0,61,2,1145.8400000000001,572.9200000000001,48,556,2,105,44,United Kingdom,2,2,3,7,Medium Value,1
17507.0,161,2,605.58,302.79,79,359,2,209,48,United Kingdom,1,2,2,5,Lower Value,1
17511.0,14,20,56175.47,2808.7735000000002,339,38091,9,273,259,United Kingdom,4,5,5,14,Very High Value,0
17512.0,21,8,1891.9,236.4875,40,1834,5,201,180,United Kingdom,4,5,4,13,Very High Value,0
17515.0,106,3,571.37,190.45666666666668,47,220,3,218,112,United Kingdom,1,3,2,6,Lower Value,0
17516.0,19,4,605.65,151.4125,95,373,3,185,166,United Kingdom,4,4,2,10,High Value,0
17519.0,33,5,1488.0,297.6,50,1042,5,268,235,United Kingdom,3,4,4,11,High Value,0
17522.0,38,4,912.25,228.0625,54,932,3,118,80,United Kingdom,3,4,3,10,High Value,1
17526.0,190,3,872.8,290.93333333333334,9,140,2,265,75,United Kingdom,1,3,2,6,Lower Value,1
17527.0,9,2,606.62,303.31,25,206,2,118,109,United Kingdom,5,2,2,9,Medium Value,0
17530.0,106,6,1365.26,227.54333333333332,216,792,4,265,159,United Kingdom,1,4,3,8,Medium Value,0
17550.0,97,3,267.16,89.05333333333334,42,86,2,143,46,United Kingdom,1,3,1,5,Lower Value,1
17560.0,55,3,705.83,235.27666666666667,20,443,3,210,155,United Kingdom,2,3,2,7,Medium Value,0
17562.0,9,4,661.1,165.275,35,601,3,73,64,United Kingdom,5,4,2,11,High Value,0
17567.0,49,5,2335.05,467.01000000000005,77,1373,5,272,223,United Kingdom,3,4,4,11,High Value,0
17571.0,45,3,559.55,186.51666666666665,72,485,3,198,153,United Kingdom,3,3,2,8,Medium Value,0
17572.0,138,2,152.20000000000002,76.10000000000001,7,56,2,273,135,United Kingdom,1,2,1,4,Lower Value,0
17576.0,6,13,2140.7,164.66923076923075,158,1290,9,265,259,United Kingdom,5,5,4,14,Very High Value,0
17579.0,37,2,270.86,135.43,15,130,2,79,42,United Kingdom,3,2,1,6,Lower Value,1
17580.0,152,3,215.72,71.90666666666667,43,88,3,258,106,United Kingdom,1,3,1,5,Lower Value,1
17581.0,9,17,6522.29,383.66411764705884,181,3495,7,272,263,United Kingdom,5,5,5,15,Very High Value,0
17585.0,9,4,1116.68,279.17,176,1650,4,238,229,United Kingdom,5,4,3,12,High Value,1
17588.0,0,3,1240.2,413.40000000000003,19,676,3,132,132,United Kingdom,5,3,3,11,High Value,1
17589.0,51,3,1843.07,614.3566666666667,124,1307,3,140,89,United Kingdom,3,3,4,10,High Value,0
17591.0,22,6,1840.8700000000001,306.81166666666667,81,876,6,267,245,United Kingdom,4,4,4,12,High Value,0
17593.0,44,3,2260.04,753.3466666666667,119,1467,3,252,208,United Kingdom,3,3,4,10,High Value,0
17596.0,36,4,1737.08,434.27,112,2846,4,268,232,United Kingdom,3,4,4,11,High Value,0
17602.0,24,2,909.5500000000001,454.77500000000003,108,901,2,224,200,United Kingdom,4,2,3,9,Medium Value,0
17604.0,117,2,309.36,154.68,57,169,2,212,95,United Kingdom,1,2,1,4,Lower Value,1
17611.0,23,9,2701.15,300.1277777777778,389,1861,8,261,238,United Kingdom,4,5,5,14,Very High Value,0
17612.0,12,4,1338.87,334.7175,79,1034,4,197,185,United Kingdom,5,4,3,12,High Value,0
17613.0,17,9,2976.69,330.74333333333334,173,1667,6,205,188,United Kingdom,4,5,5,14,Very High Value,0
17615.0,30,3,329.6,109.86666666666667,13,140,2,122,92,United Kingdom,3,3,1,7,Medium Value,1
17616.0,73,3,571.1999999999999,190.39999999999998,1,224,3,267,194,United Kingdom,2,3,2,7,Medium Value,1
17618.0,148,2,625.48,312.74,48,235,2,262,114,United Kingdom,1,2,2,5,Lower Value,1
17621.0,212,2,901.7800000000001,450.89000000000004,15,310,2,254,42,United Kingdom,1,2,3,6,Lower Value,0
17625.0,40,2,1227.13,613.565,161,838,2,157,117,United Kingdom,3,2,3,8,Medium Value,0
17629.0,20,5,798.38,159.676,66,665,5,259,239,United Kingdom,4,4,2,10,High Value,0
17630.0,69,2,503.6,251.8,24,158,2,132,63,United Kingdom,2,2,1,5,Lower Value,1
17631.0,37,2,416.5,208.25,29,185,2,132,95,United Kingdom,3,2,1,6,Lower Value,1
17634.0,22,6,1917.28,319.5466666666667,146,585,5,237,215,United Kingdom,4,4,4,12,High Value,0
17642.0,19,2,712.29,356.145,34,474,2,76,57,United Kingdom,4,2,2,8,Medium Value,1
17644.0,20,7,1625.63,232.23285714285717,64,898,5,160,140,United Kingdom,4,5,4,13,Very High Value,0
17646.0,119,3,1008.39,336.13,46,323,3,265,146,United Kingdom,1,3,3,7,Medium Value,1
17648.0,92,3,1107.39,369.13000000000005,62,289,2,149,57,United Kingdom,2,3,3,8,Medium Value,0
17652.0,44,6,2713.57,452.2616666666667,101,1469,4,181,137,United Kingdom,3,4,5,12,High Value,0
17655.0,16,5,1903.33,380.666,54,833,4,266,250,United Kingdom,4,4,4,12,High Value,0
17659.0,0,9,1653.03,183.67,68,821,5,272,272,United Kingdom,5,5,4,14,Very High Value,0
17663.0,54,4,1016.53,254.1325,33,425,4,187,133,United Kingdom,3,4,3,10,High Value,0
17667.0,61,4,1751.01,437.7525,81,903,3,198,137,United Kingdom,2,4,4,10,High Value,0
17669.0,22,5,2433.22,486.64399999999995,38,1398,4,149,127,United Kingdom,4,4,4,12,High Value,0
17671.0,57,3,1098.55,366.18333333333334,38,524,3,265,208,United Kingdom,2,3,3,8,Medium Value,0
17673.0,62,4,1175.62,293.905,110,1062,3,220,158,United Kingdom,2,4,3,9,Medium Value,0
17675.0,1,23,14074.19,611.9213043478261,179,5555,9,267,266,United Kingdom,5,5,5,15,Very High Value,0
17676.0,9,4,730.84,182.71,31,468,2,266,257,United Kingdom,5,4,2,11,High Value,0
17677.0,0,20,11666.5,583.325,125,7045,9,268,268,United Kingdom,5,5,5,15,Very High Value,0
17682.0,15,5,1899.3500000000001,379.87,39,989,5,268,253,United Kingdom,4,4,4,12,High Value,0
17685.0,166,5,1512.72,302.544,39,888,4,272,106,United Kingdom,1,4,4,9,Medium Value,0
17686.0,20,5,4589.35,917.8700000000001,174,1960,3,202,182,United Kingdom,4,4,5,13,Very High Value,0
17690.0,1,11,3495.53,317.7754545454546,144,1250,7,273,272,United Kingdom,5,5,5,15,Very High Value,0
17692.0,27,4,740.94,185.235,34,672,4,259,232,United Kingdom,4,4,2,10,High Value,1
17695.0,31,2,765.34,382.67,30,779,2,71,40,United Kingdom,3,2,2,7,Medium Value,1
17696.0,8,7,1915.5900000000001,273.6557142857143,71,1323,5,264,256,United Kingdom,5,5,4,14,Very High Value,0
17700.0,113,2,1125.57,562.785,57,499,2,181,68,United Kingdom,1,2,3,6,Lower Value,0
17702.0,8,3,1338.77,446.25666666666666,46,1051,3,106,98,United Kingdom,5,3,3,11,High Value,0
17704.0,68,2,885.19,442.595,27,343,2,139,71,United Kingdom,2,2,3,7,Medium Value,1
17705.0,6,6,968.0,161.33333333333334,42,551,5,201,195,United Kingdom,5,4,3,12,High Value,0
17706.0,0,12,8027.5,668.9583333333334,246,3049,5,266,266,United Kingdom,5,5,5,15,Very High Value,0
17707.0,85,2,152.4,76.2,3,144,2,236,151,United Kingdom,2,2,1,5,Lower Value,1
17708.0,87,2,263.33,131.665,28,90,2,224,137,United Kingdom,2,2,1,5,Lower Value,1
17716.0,23,4,3436.76,859.19,125,1939,4,167,144,United Kingdom,4,4,5,13,Very High Value,0
17719.0,6,12,4477.4,373.1166666666666,100,2118,6,155,149,United Kingdom,5,5,5,15,Very High Value,0
17720.0,13,3,887.6,295.8666666666667,32,418,3,267,254,United Kingdom,5,3,3,11,High Value,0
17722.0,89,3,2100.88,700.2933333333334,93,1423,3,266,177,United Kingdom,2,3,4,9,Medium Value,0
17723.0,27,6,3276.4000000000005,546.0666666666667,4,792,4,114,87,United Kingdom,4,4,5,13,Very High Value,1
17725.0,0,8,2507.12,313.39,94,1610,6,167,167,United Kingdom,5,5,4,14,Very High Value,0
17730.0,6,8,3055.77,381.97125,86,2152,6,226,220,United Kingdom,5,5,5,15,Very High Value,0
17731.0,28,3,963.74,321.24666666666667,38,350,2,83,55,United Kingdom,4,3,3,10,High Value,0
17734.0,36,2,540.21,270.105,31,343,2,133,97,United Kingdom,3,2,1,6,Lower Value,0
17735.0,8,15,10219.99,681.3326666666667,267,6363,9,267,259,United Kingdom,5,5,5,15,Very High Value,0
17738.0,48,3,1571.49,523.83,72,711,2,182,134,United Kingdom,3,3,4,10,High Value,0
17739.0,96,3,1070.77,356.92333333333335,16,411,3,260,164,United Kingdom,1,3,3,7,Medium Value,0
17742.0,13,2,355.11,177.555,13,89,2,232,219,United Kingdom,5,2,1,8,Medium Value,1
17744.0,150,4,1288.96,322.24,50,1686,3,258,108,United Kingdom,1,4,3,8,Medium Value,0
17749.0,78,2,674.52,337.26,33,320,2,156,78,United Kingdom,2,2,2,6,Lower Value,1
17750.0,13,4,1012.76,253.19,87,2138,3,64,51,United Kingdom,5,4,3,12,High Value,0
17754.0,42,2,575.06,287.53,38,844,2,160,118,United Kingdom,3,2,2,7,Medium Value,0
17757.0,14,20,3308.55,165.4275,190,1801,9,272,258,United Kingdom,4,5,5,14,Very High Value,0
17758.0,52,4,1433.25,358.3125,172,906,3,150,98,United Kingdom,3,4,3,10,High Value,0
17765.0,58,3,367.63,122.54333333333334,51,143,3,156,98,United Kingdom,2,3,1,6,Lower Value,1
17769.0,38,4,1817.88,454.47,129,1069,4,220,182,United Kingdom,3,4,4,11,High Value,0
17770.0,98,5,1143.27,228.654,33,365,2,182,84,United Kingdom,1,4,3,8,Medium Value,1
17774.0,45,3,978.1899999999999,326.06333333333333,105,427,3,205,160,United Kingdom,3,3,3,9,Medium Value,0
17781.0,59,2,188.02,94.01,12,34,2,153,94,United Kingdom,2,2,1,5,Lower Value,1
17787.0,52,4,1817.54,454.385,94,896,4,271,219,United Kingdom,3,4,4,11,High Value,1
17790.0,20,12,1363.51,113.62583333333333,79,595,6,264,244,United Kingdom,4,5,3,12,High Value,0
17795.0,79,2,342.83,171.415,43,305,2,164,85,United Kingdom,2,2,1,5,Lower Value,1
17796.0,213,3,614.1,204.70000000000002,60,158,2,269,56,United Kingdom,1,3,2,6,Lower Value,0
17799.0,63,8,2128.33,266.04125,222,1094,5,261,198,United Kingdom,2,5,4,11,High Value,0
17800.0,17,6,765.3,127.55,36,451,5,234,217,United Kingdom,4,4,2,10,High Value,0
17802.0,80,2,632.42,316.21,66,407,2,272,192,United Kingdom,2,2,2,6,Lower Value,0
17809.0,29,8,2856.71,357.08875,33,743,6,273,244,United Kingdom,3,5,5,13,Very High Value,0
17811.0,12,23,4651.41,202.23521739130433,239,2221,8,233,221,United Kingdom,5,5,5,15,Very High Value,0
17816.0,169,2,21.31,10.655,11,22,2,265,96,United Kingdom,1,2,1,4,Lower Value,0
17819.0,82,6,3468.47,578.0783333333333,36,991,5,271,189,United Kingdom,2,4,5,11,High Value,0
17827.0,142,4,1580.47,395.1175,140,957,2,264,122,United Kingdom,1,4,4,9,Medium Value,1
17828.0,9,3,1076.66,358.8866666666667,51,481,2,84,75,Malta,5,3,3,11,High Value,0
17838.0,192,3,1655.0,551.6666666666666,64,1022,2,272,80,United Kingdom,1,3,4,8,Medium Value,0
17841.0,3,78,22216.4,284.82564102564106,1028,12018,9,273,270,United Kingdom,5,5,5,15,Very High Value,0
17848.0,28,8,821.6,102.7,41,390,7,258,230,United Kingdom,4,5,2,11,High Value,0
17849.0,118,4,605.8000000000001,151.45000000000002,14,114,4,233,115,United Kingdom,1,4,2,7,Medium Value,1
17854.0,85,2,311.26,155.63,15,84,2,127,42,United Kingdom,2,2,1,5,Lower Value,1
17856.0,133,3,1142.63,380.8766666666667,6,577,2,181,48,United Kingdom,1,3,3,7,Medium Value,1
17857.0,9,13,13692.92,1053.3015384615385,11,7424,7,265,256,United Kingdom,5,5,5,15,Very High Value,0
17858.0,16,9,3641.25,404.5833333333333,65,2386,6,269,253,United Kingdom,4,5,5,14,Very High Value,0
17861.0,36,5,1299.49,259.898,114,1052,3,219,183,United Kingdom,3,4,3,10,High Value,0
17863.0,45,4,1785.28,446.32,60,1617,4,269,224,United Kingdom,3,4,4,11,High Value,0
17865.0,7,12,7017.34,584.7783333333333,145,3533,8,264,257,United Kingdom,5,5,5,15,Very High Value,0
17867.0,43,4,957.48,239.37,8,374,3,188,145,United Kingdom,3,4,3,10,High Value,0
17869.0,7,5,428.18,85.636,37,111,4,268,261,United Kingdom,5,4,1,10,High Value,1
17870.0,23,6,601.5699999999999,100.26166666666666,59,389,3,266,243,United Kingdom,4,4,2,10,High Value,0
17873.0,84,4,1576.92,394.23,23,915,4,273,189,United Kingdom,2,4,4,10,High Value,0
17874.0,85,6,683.46,113.91000000000001,37,221,3,155,70,United Kingdom,2,4,2,8,Medium Value,1
17884.0,211,3,590.54,196.84666666666666,86,542,2,271,60,United Kingdom,1,3,2,6,Lower Value,1
17886.0,110,2,377.71000000000004,188.85500000000002,44,218,2,149,39,United Kingdom,1,2,1,4,Lower Value,0
17888.0,61,4,297.0,74.25,32,538,4,257,196,United Kingdom,2,4,1,7,Medium Value,0
17889.0,112,2,201.37,100.685,20,77,2,222,110,United Kingdom,1,2,1,4,Lower Value,1
17890.0,222,2,586.89,293.445,88,402,2,261,39,United Kingdom,1,2,2,5,Lower Value,1
17894.0,185,6,867.0,144.5,95,320,3,266,81,United Kingdom,1,4,2,7,Medium Value,0
17897.0,72,3,541.81,180.60333333333332,100,222,2,273,201,United Kingdom,2,3,1,6,Lower Value,1
17905.0,56,3,617.74,205.91333333333333,32,281,2,273,217,United Kingdom,2,3,2,7,Medium Value,0
17912.0,210,5,310.06,62.012,35,184,2,264,54,United Kingdom,1,4,1,6,Lower Value,1
17917.0,156,2,226.71,113.355,57,130,2,262,106,United Kingdom,1,2,1,4,Lower Value,0
17920.0,5,9,2328.8,258.7555555555556,229,1531,6,273,268,United Kingdom,5,5,4,14,Very High Value,0
17921.0,48,3,595.47,198.49,82,288,3,166,118,United Kingdom,3,3,2,8,Medium Value,0
17924.0,201,2,502.2,251.1,2,108,2,273,72,United Kingdom,1,2,1,4,Lower Value,0
17926.0,33,2,397.29,198.645,17,306,2,103,70,United Kingdom,3,2,1,6,Lower Value,1
17929.0,12,3,707.0,235.66666666666666,4,92,3,208,196,United Kingdom,5,3,2,10,High Value,0
17930.0,62,2,694.14,347.07,19,521,2,139,77,United Kingdom,2,2,2,6,Lower Value,0
17931.0,34,2,408.36,204.18,63,249,2,155,121,United Kingdom,3,2,1,6,Lower Value,1
17932.0,73,2,934.51,467.255,63,593,2,111,38,United Kingdom,2,2,3,7,Medium Value,0
17937.0,14,5,3614.52,722.904,19,1416,4,262,248,United Kingdom,4,4,5,13,Very High Value,0
17940.0,8,9,3828.04,425.3377777777778,6,8723,6,202,194,United Kingdom,5,5,5,15,Very High Value,0
17949.0,0,29,45325.6,1562.951724137931,23,18902,9,271,271,United Kingdom,5,5,5,15,Very High Value,0
17954.0,23,10,1885.21,188.52100000000002,269,1831,7,271,248,United Kingdom,4,5,4,13,Very High Value,0
17961.0,23,31,1179.62,38.052258064516124,195,469,9,272,249,United Kingdom,4,5,3,12,High Value,0
17965.0,34,10,1887.73,188.773,192,1129,6,269,235,United Kingdom,3,5,4,12,High Value,0
17966.0,51,4,594.43,148.6075,52,1171,3,161,110,United Kingdom,3,4,2,9,Medium Value,0
17969.0,66,2,228.2,114.1,14,152,2,261,195,United Kingdom,2,2,1,5,Lower Value,1
17975.0,14,11,3950.4500000000003,359.13181818181823,170,1364,8,266,252,United Kingdom,4,5,5,14,Very High Value,0
17979.0,68,3,494.54,164.84666666666666,84,272,2,159,91,United Kingdom,2,3,1,6,Lower Value,0
17980.0,65,3,811.45,270.48333333333335,23,682,3,259,194,United Kingdom,2,3,2,7,Medium Value,1
17988.0,17,5,146.0,29.2,25,27,3,226,209,United Kingdom,4,4,1,9,Medium Value,0
17990.0,136,3,630.84,210.28,27,414,2,261,125,United Kingdom,1,3,2,6,Lower Value,1
17994.0,21,4,674.89,168.7225,63,495,4,190,169,United Kingdom,4,4,2,10,High Value,1
17997.0,33,4,1268.51,317.1275,70,1476,2,64,31,United Kingdom,3,4,3,10,High Value,0
18008.0,103,7,2065.41,295.0585714285714,22,1517,4,218,115,United Kingdom,1,5,4,10,High Value,0
18016.0,86,3,482.86,160.95333333333335,49,205,3,264,178,United Kingdom,2,3,1,6,Lower Value,0
18017.0,69,2,344.0,172.0,1,200,2,210,141,United Kingdom,2,2,1,5,Lower Value,0
18018.0,8,2,122.14,61.07,29,55,2,99,91,United Kingdom,5,2,1,8,Medium Value,1
18036.0,5,2,253.69,126.845,54,153,2,145,140,United Kingdom,5,2,1,8,Medium Value,0
18037.0,54,6,70.02,11.67,19,20,5,262,208,United Kingdom,3,4,1,8,Medium Value,1
18041.0,3,16,2998.11,187.381875,227,2716,9,272,269,United Kingdom,5,5,5,15,Very High Value,0
18043.0,106,2,421.59,210.795,87,229,2,266,160,United Kingdom,1,2,1,4,Lower Value,0
18044.0,66,7,1105.53,157.93285714285713,63,651,5,260,194,United Kingdom,2,5,3,10,High Value,0
18055.0,28,7,3672.86,524.6942857142857,122,1226,4,269,241,United Kingdom,4,5,5,14,Very High Value,0
18061.0,7,8,1793.51,224.18875,18,901,8,266,259,United Kingdom,5,5,4,14,Very High Value,0
18062.0,73,3,720.52,240.17333333333332,23,396,3,237,164,United Kingdom,2,3,2,7,Medium Value,1
18064.0,33,2,814.0,407.0,7,384,2,135,102,United Kingdom,3,2,2,7,Medium Value,1
18065.0,83,8,1412.15,176.51875,71,591,4,264,181,United Kingdom,2,5,3,10,High Value,0
18069.0,80,3,978.32,326.1066666666667,199,626,3,227,147,United Kingdom,2,3,3,8,Medium Value,0
18071.0,157,2,453.0,226.5,23,260,2,265,108,United Kingdom,1,2,1,4,Lower Value,1
18073.0,14,12,3859.82,321.6516666666667,23,3102,4,97,83,United Kingdom,4,5,5,14,Very High Value,1
18075.0,6,8,1957.75,244.71875,74,1015,7,260,254,United Kingdom,5,5,4,14,Very High Value,0
18077.0,3,7,1622.34,231.76285714285714,82,1272,5,266,263,United Kingdom,5,5,4,14,Very High Value,0
18078.0,117,2,336.13,168.065,27,145,2,159,42,United Kingdom,1,2,1,4,Lower Value,1
18079.0,26,2,2206.18,1103.09,59,5075,2,138,112,United Kingdom,4,2,4,10,High Value,0
18085.0,230,2,689.95,344.975,25,265,2,273,43,United Kingdom,1,2,2,5,Lower Value,1
18092.0,19,8,5851.48,731.435,21,3280,5,265,246,United Kingdom,4,5,5,14,Very High Value,0
18093.0,20,3,2016.88,672.2933333333334,30,1212,2,202,182,United Kingdom,4,3,4,11,High Value,0
18094.0,36,5,2402.3,480.46000000000004,35,2194,4,191,155,United Kingdom,3,4,4,11,High Value,0
18097.0,26,5,1986.2,397.24,56,1406,4,254,228,United Kingdom,4,4,4,12,High Value,1
18102.0,26,26,130537.23,5020.662692307692,54,29793,8,267,241,United Kingdom,4,5,5,14,Very High Value,0
18109.0,10,17,4433.0199999999995,260.76588235294116,103,3323,9,269,259,United Kingdom,5,5,5,15,Very High Value,0
18116.0,134,7,1239.55,177.07857142857142,220,667,3,264,130,United Kingdom,1,5,3,9,Medium Value,0
18118.0,47,18,4064.06,225.7811111111111,355,2059,8,269,222,United Kingdom,3,5,5,13,Very High Value,0
18125.0,101,3,933.9,311.3,146,691,3,216,115,United Kingdom,1,3,3,7,Medium Value,0
18136.0,111,2,600.85,300.425,30,295,2,219,108,United Kingdom,1,2,2,5,Lower Value,0
18142.0,57,2,1019.52,509.76,9,1276,2,115,58,United Kingdom,2,2,3,7,Medium Value,1
18144.0,9,9,2165.55,240.61666666666667,24,1064,7,273,264,United Kingdom,5,5,4,14,Very High Value,0
18145.0,104,2,1023.78,511.89,60,863,2,212,108,United Kingdom,1,2,3,6,Lower Value,0
18146.0,40,2,160.35,80.175,10,153,2,120,80,United Kingdom,3,2,1,6,Lower Value,1
18149.0,115,2,549.68,274.84,9,280,2,173,58,United Kingdom,1,2,2,5,Lower Value,0
18150.0,40,2,413.28,206.64,22,236,2,101,61,United Kingdom,3,2,1,6,Lower Value,0
18151.0,34,2,653.35,326.675,38,355,2,189,155,United Kingdom,3,2,2,7,Medium Value,1
18155.0,70,2,266.56,133.28,14,196,2,191,121,United Kingdom,2,2,1,5,Lower Value,0
18161.0,40,3,771.26,257.08666666666664,24,387,3,219,179,United Kingdom,3,3,2,8,Medium Value,0
18168.0,76,6,1160.04,193.34,97,592,5,272,196,United Kingdom,2,4,3,9,Medium Value,1
18170.0,12,2,655.51,327.755,27,249,2,117,105,United Kingdom,5,2,2,9,Medium Value,0
18171.0,62,3,684.4200000000001,228.14000000000001,33,220,3,233,171,United Kingdom,2,3,2,7,Medium Value,0
18172.0,27,10,5329.32,532.932,94,2180,6,189,162,United Kingdom,4,5,5,14,Very High Value,0
18173.0,99,3,1728.8400000000001,576.2800000000001,20,1028,3,174,75,United Kingdom,1,3,4,8,Medium Value,0
18177.0,57,5,1037.27,207.454,43,543,4,155,98,United Kingdom,2,4,3,9,Medium Value,0
18178.0,28,4,1590.81,397.7025,80,983,4,264,236,United Kingdom,4,4,4,12,High Value,1
18179.0,152,4,1103.16,275.79,54,729,3,236,84,United Kingdom,1,4,3,8,Medium Value,0
18183.0,127,2,632.07,316.035,36,371,2,174,47,United Kingdom,1,2,2,5,Lower Value,1
18190.0,92,2,284.46000000000004,142.23000000000002,14,140,2,230,138,United Kingdom,2,2,1,5,Lower Value,1
18198.0,0,14,4427.39,316.2421428571429,64,3491,8,236,236,United Kingdom,5,5,5,15,Very High Value,0
18202.0,99,3,1396.99,465.66333333333336,55,581,2,211,112,United Kingdom,1,3,3,7,Medium Value,1
18204.0,9,2,1358.8700000000001,679.4350000000001,113,907,2,92,83,United Kingdom,5,2,3,10,High Value,0
18211.0,36,2,268.7,134.35,15,152,2,178,142,United Kingdom,3,2,1,6,Lower Value,0
18218.0,111,2,641.92,320.96,17,536,2,181,70,United Kingdom,1,2,2,5,Lower Value,1
18219.0,49,8,1367.13,170.89125,49,596,6,268,219,United Kingdom,3,5,3,11,High Value,0
18221.0,15,3,706.86,235.62,40,446,3,111,96,United Kingdom,4,3,2,9,Medium Value,0
18223.0,43,10,3604.61,360.461,83,1541,7,258,215,United Kingdom,3,5,5,13,Very High Value,0
18225.0,13,7,2730.78,390.1114285714286,99,1582,6,265,252,United Kingdom,5,5,5,15,Very High Value,0
18226.0,20,9,4251.03,472.33666666666664,107,2946,7,237,217,United Kingdom,4,5,5,14,Very High Value,0
18229.0,10,13,4864.0599999999995,374.1584615384615,58,1518,9,273,263,United Kingdom,5,5,5,15,Very High Value,0
18230.0,73,4,1643.28,410.82,32,806,4,202,129,United Kingdom,2,4,4,10,High Value,0
18231.0,92,5,2071.77,414.354,106,819,4,188,96,United Kingdom,2,4,4,10,High Value,1
18232.0,57,3,500.62,166.87333333333333,29,277,2,97,40,United Kingdom,2,3,1,6,Lower Value,0
18235.0,20,2,749.8,374.9,49,706,2,117,97,United Kingdom,4,2,2,8,Medium Value,0
18236.0,29,4,641.19,160.2975,31,310,4,140,111,United Kingdom,3,4,2,9,Medium Value,0
18239.0,118,5,1561.6100000000001,312.322,80,795,4,272,154,United Kingdom,1,4,4,9,Medium Value,1
18241.0,6,10,1205.78,120.578,44,618,4,117,111,United Kingdom,5,5,3,13,Very High Value,0
18245.0,49,6,1672.81,278.8016666666667,103,1328,4,255,206,United Kingdom,3,4,4,11,High Value,1
18248.0,22,2,804.02,402.01,39,511,2,86,64,United Kingdom,4,2,2,8,Medium Value,1
18257.0,14,5,1562.8700000000001,312.574,66,721,4,196,182,United Kingdom,4,4,4,12,High Value,0
18260.0,72,6,2628.35,438.05833333333334,86,1475,6,258,186,United Kingdom,2,4,5,11,High Value,1
18263.0,55,2,811.4,405.7,45,1048,2,152,97,United Kingdom,2,2,2,6,Lower Value,0
18272.0,13,4,2106.45,526.6125,76,1465,3,146,133,United Kingdom,5,4,4,13,Very High Value,0
18283.0,48,9,951.93,105.77,183,624,6,237,189,United Kingdom,3,5,3,11,High Value,0
